评论ID,电影名称,上映年份,用户昵称,用户评分,评论内容,评论时间,点赞数
4506342358,射雕英雄传：侠之大者,2025,无鬼斋,1,果然老得无法理解了……,2025-04-13 21:45:21,1354
4427654976,射雕英雄传：侠之大者,2025,谢谢你们的鱼,2,嚯，徐老怪整了一个超能力武侠，原力大战炁体源流，要是全片都走郭靖与欧阳锋决战的那种疯批胡闹感，倒也是有趣，战争戏拍得也可以，只可惜本片大部分时间的质感和电视剧混剪差不多，中间的三角恋段落更是无趣到让人挠头。肖战的表现居然还可以，庄达菲这次非常不行。,2025-01-29 22:11:31,8292
4426806183,射雕英雄传：侠之大者,2025,朝暮雪,1,拍成电视剧60集才能讲完的故事，一部电影就讲了一大半，江南七怪之死、认识洪七公、学习降龙十八掌、获得九阴真经……全部一笔带过，这和5分钟看完一部电视剧的短视频有什么区别？ 黄蓉突然就认识洪七公了，她一句话就让堂堂北丐洪七公心甘情愿教郭靖降龙十八掌。没过多久，黄蓉莫名其妙就成了丐帮帮主，整个过程毫无铺垫和转折。 既然黄蓉说话这么管用，还费什么劲拍打戏啊？直接让她叫欧阳锋自杀不就完了吗？ 洪七公只出现了几分钟，黄药师只配活在台词里，梅超风、周伯通没出现就算了，连杨康都没有，你好意思说你在拍《射雕英雄传》？ 你以为你在拍电视剧啊，只挖坑不填坑，第一次看《射雕英雄传》的观众甚至连江南七怪是谁杀的都不知道，还要回家补电视剧或小说。,2025-01-29 12:20:42,19695
4419800252,射雕英雄传：侠之大者,2025,芭乐罢了,3,家国、江湖、亲友、爱人，武侠世界的灵魂——真情，在情和武之间找到一种平衡，冤冤相报，以战是不能止战的。只要真情的余韵，才能让人心甘情愿一次又一次走进武侠世界。 但是不得不说徐克这个剧情实在是稀碎，武器招式再有巧思，人物没有立住，故事没讲好，都白搭。请个专业编剧吧……,2025-02-01 12:05:25,14
4458459679,射雕英雄传：侠之大者,2025,kylegun,4,毒物刺客飞铜锣拆码头，修罗场三角恋打狗棍对蒙古刀，隔山打牛瞬移欧阳锋蛤蟆功……战乱时期靠小风车避雷针找老婆的主线，还有东邪一伙怪咖，勉强找回点徐克老怪以前的感觉，黄蓉和华筝都比男主可爱。至于宏大叙事下身份政治的纠结，出发点挺好，但展现得像小学生喊口号，蠢到可笑。视听设计还算有点想法，糟烂剪辑却严重糟蹋故事。最后为了老版主题曲的出现加多一星吧：“练～武功～练到底裤都穿～晒窿～吼！哈！”,2025-02-23 01:03:34,188
4429186400,射雕英雄传：侠之大者,2025,有心打扰,1,导演用极大的篇幅和精细入微的笔触描绘了战火中的儿女情长（郭靖与黄蓉的甜蜜爱情故事），将个人命运与国家命运紧密交织，在宏大的历史叙事中注入深刻的人性思考（何为英雄与反战精神）。,2025-01-30 22:11:23,7948
4433826134,射雕英雄传：侠之大者,2025,迷宫中的站起来,5,风一样的自由，浪漫，每个角色都像幼时第一次听说到的那样的坦荡，那样的自信，在战争面前，两个江湖义气的化身可以抵挡一切，何尝不是属于我们的《天气之子》？每一次《铁血丹心》的响起，都是《梁祝》般一眼万年，深深的眷恋。2025年第一部年代十佳。,2025-02-02 22:39:33,2104
4365319780,射雕英雄传：侠之大者,2025,谋杀游戏机,3,还是有徐克味儿的，爸妈看得很开心，最大的别扭是全片大部分台词口型都对不上。感觉徐克是为了欧阳锋这碟醋包的饺子，被爆改成一个cult搞笑角色，施展了一下他的怪咖审美趣味。肖战说导演是理论派+技术流，降龙十八掌是需要借火借力才能打出来的，不是莫名其妙就能打出一条金光灿灿的龙来，打狗棒也变成金属棒了。武穆遗书不知道为什么没法放在正片里，只能作为彩蛋出现，非常可惜，徐老怪是用科研精神拍武侠片的。拍出了历代最好的一版华筝公主，比较贴近现代女性意识，打破了父权、婚约甚至族群身份的束缚，新人演员张文昕好灵好美。庄达菲有点拖后腿了，知道这版黄蓉要成熟历练一些，但她的台词听着太过冷淡了。,2025-02-04 17:37:13,687
4506720074,射雕英雄传：侠之大者,2025,обломов,1,副标题应该是超雄志愿军吧，把十八掌特效做成马戏团火圈，网大质感的任天堂致敬片,2025-04-14 09:56:59,744
4427658059,射雕英雄传：侠之大者,2025,大奇特(Grinch),4,徐克武侠仍是武侠片的炼金石。此次不同于传统“射雕”，着重写乱世爱情和民族大义。将郭靖置于蒙古语境下，通过跨族际对话，以“混杂性”身份认同在民族和家国乃至“共同体”认同之间做讨论。有时会放慢节奏，从历史背景和人物性格中找原因。片中还涉及当下与过去爱情的连接，以及三角关系的交织，仍旧凸显了徐克拍女人戏的专长—华筝救黄蓉并牺牲自我的部分更动人。或许和一些观众预期的武侠风味不同，最终要讲的是人间英雄，如片中所言“为国为民、造福世人，才是人间的英雄。”为编剧好兄弟打call，但对最终成片的删减还是略表遗憾，删掉了我喜欢的秃木峰与西毒斗智、西毒走火入魔分裂成多个自我及操兵布阵等段落，也加入了一些囊肿的前情闪回，最大问题是高潮对决的特效太浓。即便如此，文本层面还是看到了徐克的进化。,2025-01-29 22:12:55,5761
4431972906,射雕英雄传：侠之大者,2025,Anything Goes!,1,给徐克面子才看的，动作戏几乎没有，全靠特效表现，还把九阴真经拍成原力，不能忍！,2025-02-01 20:01:04,5198
4430561062,射雕英雄传：侠之大者,2025,阿德,4,冲着老怪来的，没失望，徐克这次格局整的有点大，保家卫国戏份多过江湖武侠，战争场面很震撼、很写实，全片深刻诠释了“侠之大者，为国为民”。,2025-01-31 21:14:15,2963
4427972595,射雕英雄传：侠之大者,2025,20个小明≯,2,很不电影的电影，散发一股为拍而拍的生硬别扭之感。主线温吞内容松垮，演员也不大能撑起来，男主太精女主太木，也就打戏运镜还算值得一看…,2025-01-30 01:03:12,9561
4427391785,射雕英雄传：侠之大者,2025,品客,2,电视剧的叙事+漫威的动作…我不喜欢，但我爸妈看得津津有味😂,2025-01-29 19:46:28,3142
4427426233,射雕英雄传：侠之大者,2025,西楼尘,1,想修炼成天下第一的欧阳锋，不知武学的最高境界是放下执念。想成为真正英雄的大汗，不知侠义的最高修为是勒马转身。人人渴求的九阴真经，几笔梵文就能造假。寐寤思服的梦中伊人，几块招牌就能指路。练就巅峰的武功，不能忘记名姓。闯入浩渺的江湖，需要心怀苍生。人这一辈子，最终都在对抗自己的执念。,2025-01-29 20:07:05,2545
3779553280,射雕英雄传：侠之大者,2025,Xieirse,2,再怎么爱徐老怪也爱不上这部。我知道搞预告骗（预告片大场面基本是全片所有大场面）是要扣“侠之大者”这个主题，但观感还是太扭曲。而且比很多历史剧还考究的甲胄也暴露出徐克自己的矛盾。高潮武侠打斗完全可以说成中特超英对波，纯纯“你有科学，我有神功”2.0。郭靖大汗对话明显模仿《天国王朝》但效果差三档。,2025-01-30 19:28:53,3946
4466451419,射雕英雄传：侠之大者,2025,JoeyLu陆柏宇,3,其实跟徐克拍狄仁杰一个味儿，就是时代不同了,2025-03-02 11:57:30,248
3787157344,射雕英雄传：侠之大者,2025,邱同学douban,5,道具考究，可以作为学习宋金元时期盔甲、攻城器械等的学习材料。,2025-02-17 05:55:16,112
4692550071,射雕英雄传：侠之大者,2025,一贫,1,删减了99%的剧情又添加了各种乱七八糟，要不是看过原著以及好几个版本的电视剧，看片过程中不断脑补，否则怕是比《风林火山》更是让人难以理解吧。。。 PS：要不是机上其他片子基本都已经看过，想来也不会点开这个的。。。╮(╯▽╰)╭,2025-11-17 13:07:27,84
4427610383,射雕英雄传：侠之大者,2025,昭和惊弓鸟,2,前面看得煎熬，但结尾扳回不少，暗自感叹徐老怪久违了。,2025-01-29 21:48:59,39
4431676894,射雕英雄传：侠之大者,2025,陀螺凡达可,3,3.5 我的春节档最佳,2025-02-01 16:39:26,34
4441675698,射雕英雄传：侠之大者,2025,神仙鱼,3,大汗已经定性“武功只是杂耍”，江湖人逃不过战争也敌不过政治，徐克也是江湖人，虽然这次还是武侠的壳但拍的不再是江湖过招，老怪也就显得工整了，不过还是这个春节档相对最能看的一部（有点意外）。郭靖站在中原和草原之间，坚定着宋人的身份，但没有为了宋的利益背友弃义不择手段，他向大汗疾呼着“忧国忧民”；虽然不太确定拍了长津湖的徐克如今是什么心态（巨辩对徐克借郭靖表达自己身份立场的解读可作参考），但至少这次是在抵抗民粹，然而人们不愿意看这些了。5/10.｜肖战的造型让我第一次觉得他还挺好看,2025-02-08 22:53:30,289
4505426055,射雕英雄传：侠之大者,2025,黑骨精,1,铁木真：你还是那个听我话的郭靖吗？ 郭靖：我从来就没有变过。 铁木真：那你叫我一声爸爸。 郭靖：爸爸！ 放平心态，我不骂街。徐老怪同志拍的不是射雕英雄传，他拍的是射雕封神榜。,2025-04-12 23:00:26,334
4484111267,射雕英雄传：侠之大者,2025,寒枝雀静,3,Ｄ＋/ 反而是觉得爱情线和政治线融得不够好。两者之间本来的最重要桥梁是语言，但是结尾论辩的核心却并不在语言而在于权力等级。因此收得虽然还算干脆但并不利落。相比之下爱情线排山倒海的强度仍然是徐克应有的水准。祭奠与烹饪，祈祷与暗示，恳求与表演——在一往无前的真挚的另一面，仍然是微妙的不洁的玩乐精神。另外，感觉还是缺少一场《四大天王》级别的更有创意冲击的视效戏。,2025-03-19 08:48:32,39
4506240572,射雕英雄传：侠之大者,2025,Hi Friday,2,剪辑好乱，本来我也没看过这系列，看的感觉乱七八糟，看了半小时，就不想看了。,2025-04-13 20:09:02,185
4431632366,射雕英雄传：侠之大者,2025,凹凸,2,极其拉扯的观感。文戏接近0分，看得哈欠连天。一到武戏又瞬间精神，徐克的邪典风味依旧赏心悦目。并非华筝这个角色有多出挑，只是她是全片唯一有人物塑造可言的。,2025-02-01 16:05:34,4207
4429502200,射雕英雄传：侠之大者,2025,宁止水,1,最大的原罪是无聊！甚至不能说是无聊的戏，而是那一场场的压根儿都不叫戏。 之前宣传是郭靖黄蓉夫妇第一次守襄阳的故事，再加上预告片画面，我以为是《长津湖》式的古装战争片。结果…郭靖带着找黄蓉的戏剧任务回到蒙古大营，然后戏剧目标就丢了，难以总结出来蒙古大营里到底有什么主线。整个第二幕俩人没见过面，何谈cp感？最后靠演讲劝退了大军，何谈侠之大者？ 除黄蓉华筝线，人物关系的建立全是无效的。李萍自尽既没逻辑也不感人。阿如那也浪费了。银幕上发生些什么，完全和我无关。 可以没有故事，但哪怕像《红海行动》那样全程打打打也行。结果是最无聊的一种改编方式。 全片唯一的亮点是华筝。是影视化里最飒最贴合蒙古公主身份的华筝了。,2025-01-31 01:08:24,7519
4429817508,射雕英雄传：侠之大者,2025,冰山李,3,感觉不素侠之大者，素侠之大他者。最喜欢的一场戏是郭靖和华筝讲自己在中原爱上别人，突然几个营地里的蒙古士兵骑着马经过问候公主打断了华筝关于成亲的话头，最后蒙古士兵和马在虚掉的后景里逡巡，仿佛华筝想要挣脱一场梦境（她后来也提到一直以为草原是自己唯一的场域，也终于在结尾来到了边境）。当然郭靖也在挣脱，在同时寻找过去与未来的入口，第二次引雷电点火与黄蓉重逢的戏梦回《蜀山传》,2025-01-31 11:47:08,14
4504020499,射雕英雄传：侠之大者,2025,fallingraining,2,叫武侠片有点亏，也就最后和欧阳锋那一场有水准，叫金庸武侠片更是扯淡，半个小时巴不得写出30回书去，谁看得懂。所有的剧情都压缩在蒙古大营和边城（叫他襄阳真心亏的慌）上，请问这个戏怎么演。,2025-04-11 14:26:38,119
4507225487,射雕英雄传：侠之大者,2025,老罗Lazzaro,2,难以代入角色，边演边解说，流水账悬浮感重，台词情感味同嚼蜡，整体质感很网大。,2025-04-14 22:05:38,176
4434346603,射雕英雄传：侠之大者,2025,Indecent time,2,好消息：肖战这次表演比诛仙讨喜多了，坏消息：这次徐克拉了个大的。好消息：电影水平直逼《三少爷的剑》，坏消息：是林更新版。好消息：庄达菲完美还原之前版本的黄蓉，坏消息：还原了周迅的嗓音。好消息：粉丝战斗力很强，坏消息：网上声音大于院线实际收益。好消息：不看原作对看电影没有任何影响，坏消息：电影就是对原版的魔改+梗概，剧情也偏慢，唯一比较出彩的角色就是华筝，这电影也不是非看不可。,2025-02-03 10:01:35,2850
4509511653,射雕英雄传：侠之大者,2025,寒狐居士,3,部分构图不错。,2025-04-17 22:16:58,18
4723244874,射雕英雄传：侠之大者,2025,Panda的影音,2,《射雕英雄传：侠之大者》内地上映前的预售总票房 35377.4万，超过《唐探1900》32793.0万、《哪吒之魔童闹海》30901.3万、《封神第二部：战火西岐》25896.8万《熊出没·重启未来》8918.8万；下映后累计综合票房 6.89695亿，不及《熊出没·重启未来》8.21656亿、《封神第二部：战火西岐》12.38863亿、《唐探1900》36.12444万、《哪吒之魔童闹海》154.46140亿。数据源自猫眼专业版。,2025-12-22 23:27:47,13
4444436823,射雕英雄传：侠之大者,2025,浩子菌,1,好端端的武侠片硬是拍成了武偶片~,2025-02-10 21:00:57,20
3779839613,射雕英雄传：侠之大者,2025,牛奶很忙,3,降低预期后好看很多！一点点盛世危言的主题重复《四大天王》，一点点给“武侠”写遗书吧：武侠是一种处境，概念化的不可再生的歪门邪道的只有胜者定义的情怀消耗品，武林高手们大多面目模糊金盆洗手，只有徐克还像欧阳锋一样歇斯底里,2025-01-30 19:26:16,155
4427736929,射雕英雄传：侠之大者,2025,weiwang,4,很像幽灵公主,2025-01-29 22:50:57,27
4428262456,射雕英雄传：侠之大者,2025,novich,2,家里刚成年人说可以打零分吗？我说不至于这么差，起码华筝可以挽回一颗星。那些隔空对轰的内功比拼，有点像《功夫》，也有可能受《巴霍巴利王》的影响，挺好玩的。不过全剧还是在最后的“侠之大者”的结局里垮掉，太尴尬泄气了。,2025-01-30 10:28:58,3582
4394766281,射雕英雄传：侠之大者,2025,xxx,1,究竟在讲什么东西，完全不考虑故事了吗😤,2025-05-02 14:46:32,153
4430032531,射雕英雄传：侠之大者,2025,Clyde,3,与之前的所有版本相比，最大的区别可能是这几乎是一部蒙语电影。将近两个半小时要讲述《射雕英雄传》的故事几乎是不可能的，“襄阳大侠”的主体剧情之下，其他部分只能靠拼贴来完成。爱情戏明显年轻向，而武打戏延续了徐老怪一贯的风格，怪力乱神之余，又有几分好莱坞超级英雄大战场面的影子。整个剧情大概是给最强的AI输入《射雕英雄传》的故事，要求它用好莱坞经典超级英雄电影的模式，写一个两个半小时的故事。,2025-01-31 14:59:31,485
4511961764,射雕英雄传：侠之大者,2025,生人回避,1,没有武侠，只有玄幻。 没有过招，只有发波。,2025-04-20 19:18:01,150
4505452285,射雕英雄传：侠之大者,2025,雪,1,家国儿女情长侠义全都没有,2025-04-12 23:18:49,194
4511804586,射雕英雄传：侠之大者,2025,林三郎,2,郭黄造型还不错，但故事稀碎。基本上就是射雕同人，各种槽点。黄蓉费了心思把武穆遗书上的阵法传授给郭靖，以为将来肯定能用上，结尾郭靖和欧阳锋却斗起了魔法。,2025-04-20 15:51:23,44
4430513300,射雕英雄传：侠之大者,2025,T.V.Zoe ி,2,甚至不像电影……别的也不多说了，我就想问问，他怎么敢的？,2025-01-31 20:45:52,8153
4434679339,射雕英雄传：侠之大者,2025,张苑希,2,粗制滥造网大即视感。七怪台词过，五绝回忆插；三角稀拖拉，嘴炮退万军。长篇武侠巨制硬缩电影体量叙事流水账化的弊端，背景和动机铺垫不足人物皆如操着对白无情照本宣科的机器。重点截取靖蓉别离和蒙宋交战忠义困境作主视点，奈何前者不如魔改筝蓉女性情谊好磕，后者仅止于占据道德高地式的爱与和平说教，拿《神雕》里郭靖向杨过阐释的家国情怀和侠义概念作劝服成吉思汗退兵的契机未免太勉强。压迫感十足的欧阳锋和飒爽草原公主华筝算为数不多的亮点，至于动作戏全是特效瞎唬烂远程魔法攻击，两位主演实力诠释资本用脚选角。,2025-02-03 15:56:01,872
4427557076,射雕英雄传：侠之大者,2025,山下猫,3,华筝改得好，代表了徐克一直以来对番邦女子的想象：任盈盈蓝凤凰，边彊的金湘玉。汉人造型都很丑。黄蓉不够妖女，成了中原规矩的导游。小时候看83版最爱看她临危受命当帮主，铁枪庙揭真相，这部就是个烧菜帮夫，怎么想到了“小犹太”？郭靖一出场已是万磁王级别的大神，手不动箭就拐弯，武的展示越来越趋同于漫威，武术指导变动画指导，也是从《功夫》伊始的视效功夫片走到想象力枯竭了。反倒是看华筝抱摔黄蓉有趣，黄蓉说“你的郭靖没事”有趣，男女主cp感不如了。蔡少芬表演一直过于用力，戏又长又无趣。把江湖的“天下第一”争夺与战争并置又看到了那个以前的徐克港片，比起其它一些热衷把士兵简单刻画成杀人机器的电影已是进步。,2025-01-29 21:21:51,1957
4509534961,射雕英雄传：侠之大者,2025,巽,0,华筝！华筝！我为筝蓉筝举大旗！！！,2025-04-17 22:41:54,13
4422088663,射雕英雄传：侠之大者,2025,我要上斯坦福,1,1、徐克的这个改编。。。现在这个版本李萍死得轻如鸿毛，就是一个笑话。2、蒙军攻城，宋军开城门准备趁蒙军阵型乱了之时出击，黄蓉突然挟持宋方一把手出城要求退兵，说“宋军要是被冲散了，这城就没人把手”....这行为和话语都十分让人迷惑。3、郭靖跟大汗说不该南征北伐，应该忧国忧民，这才是侠之大者....就很有小学生写作文强行点题的感觉，侠之大者是针对武林人士的词组，这也能用在成吉思汗身上？而且南征北伐跟忧国忧民也不冲突啊，先南征北伐开拓疆土，然后忧国忧民治理天下守住霸业，也是可以的啊....徐克改的这个台词的逻辑真的很有漏洞....,2025-04-12 16:53:16,100
4428803767,射雕英雄传：侠之大者,2025,Pincent,3,7.2 视野很开阔，眼神很细腻，而眉毛、语气与体态很坚定，像《狂暴女神》那样。在溪边和崖边、战场和军营的场景中，以及在大部分的时间里，节奏简洁利落自然，浸染在音乐中，让观众足以相信还存在着一个丰富的江湖世界有待被叙述。武侠电影常常关乎在一套视听体验之下观众是否愿意相信一张脸谱、面孔、一套服装、一具身体。比起隔壁那部史诗制作这部还是更有电影叙述的节奏和姿态可言。喜剧性超出预期，可能体现在跨越陆港、汉蒙并引入现代感的语言表达方式及选角上的异样感。部分场景的视觉、语气或物理意义明显是超越现实的，适度“荒唐”与异质，借助徐克剪辑的叙说魔法，证明了演员之间动人的情感：人物坚信要找到爱人，并赋予行动，雷电与雨水将见证我的真情，以符号与信物为证，坚信一股逐渐升级的虚构能量。“我的靖哥哥”，多么抽象的话语。,2025-01-30 18:08:06,730
4427898509,射雕英雄传：侠之大者,2025,哪吒男,2,全线溃烂，乌七八糟的叙事，了无生趣的场面，文不对题的选角，这都2025年了怎么还在拍PPT电影啊！！！唯一亮点是华筝，其他部分真的好无聊🥱,2025-01-30 00:21:01,7731
4556365225,射雕英雄传：侠之大者,2025,李秋天,2,"竟然还敢用83剧版的BGM，徐导啊，您当年让林青霞喝酒的潇洒呢？如今只剩金光闪闪的页游特效、硬塞的流量明星、稀烂的剧本逻辑。剧情东一榔头西一棒槌，蒙古大军压境，主角们还有空玩""他追她逃""的无聊戏码。家国情怀硬得像小学生作文结尾必写“我暗下决心，长大报效祖国”，角色塑造薄如纸片。郭靖的挣扎？黄蓉的智谋？全被徐导吃了，顺便连杨康穆念慈梅超风周伯通包惜弱杨铁心丘处机等等重要角色也全吃了……",2025-06-12 20:06:58,45
4411187627,射雕英雄传：侠之大者,2025,灵魂harvest,2,没有读过原著，个人凭感觉比隔壁的封神二好点，至少人文戏要好一点。而且说实话，我觉得有些黑的部分过头了，这本来就不是战争片啊，它不是根据武侠小说改编吗？怎么还有人拿它跟《血战钢锯》来比来黑呀？！而且这个片子除了带一点战争的剧情和历史背景外基本上就是个讲武林高手的武打片啊，它的高潮部分是郭靖跟东邪的打斗，而不是战争场面吧？我只能说虽然我也挺讨厌流量小生的，但不至于连累整个剧组和徐克吧？,2025-01-30 01:31:35,33
4428615052,射雕英雄传：侠之大者,2025,Chris 一切由无聊开始,1,其实选取的点还是很好很对的，但是缺点太多了。演员这个水平太差了，肖战差强人意吧，成吉思汗那个演员毫无演技。编剧方面也是够差的，不想多说。从电影角度，真是不行啊，徐克基本上也不会拍电影，也搞不清楚戏剧的精髓，也没有电影的思维。光把劲用在打斗上了，一个个和超英似的。浪费我时间。,2025-01-30 15:50:47,3611
4507623069,射雕英雄传：侠之大者,2025,梁威是条狗,2,讲述郭靖与黄蓉旷世之恋的仙侠偶像剧。该说不说，这个阵容和题材，拍个网剧估计能赚钱。套着金庸武侠人设、战争时代背景的纯爱故事，宋代超级英雄郭靖把降龙十八掌和九阴真经耍得像法术一样，打架从头到尾没有身体接触，全是魔法凌空对轰，武侠不是仙侠，这样子真的好吗？但是徐克的导演能力还是挺强的，稀碎的内容硬是能串成清晰的故事线。问题还是改编的情节已以及某些设定过于离谱，如果不是大家对原著如此熟悉，估计对这部影片的接受度会高一点。,2025-04-15 12:19:53,50
4427241768,射雕英雄传：侠之大者,2025,晚不安,2,不战而屈人之兵，徐克这是对《长津湖》和《水门桥》的主题来了个大逆反。截取《射雕》中或许有最多大场面的一段，但仍显不伦不类——既远离江湖，又不扎根草原，只得用大量闪回补足前情，流水账一般的感情戏叫人难以入戏。打戏质感相当虚浮，不过倒也接近徐一直钟意的神怪路数，可惜最后与欧阳锋的决斗观赏性有限，编排与节奏都无特色。郭靖不断阐述“侠”与“英雄”的概念，不在武功而在勇气，虽正气却也保守，且太过宣教。潦草之作，盼早日回港开拍本土片。,2025-01-29 18:09:21,1925
3779834891,射雕英雄传：侠之大者,2025,萌发奇想,4,徐老怪是会讲故事的，旁叙前程往事，人际关系。十几分钟就把郭靖和黄蓉如何产生误会，如何失散，讲的明明白白清清楚楚，就算没有看过原著也能迅速一下子被带入整个故事的脉络之中。金庸先生创造的武侠世界人物角色众多，要把射雕的故事和众多人物缩短在两个小时的电影体量当中实在不易，而第一次以电影形式搬上大荧幕，不仅只是江湖英雄儿女的武侠世界，更是把江湖放进战争里，展现一个群雄逐鹿的宏图巨制，浪漫与热血，家国与大义。而我最惊喜的是徐克也把女性角色进行更加丰富立体的塑造，尤其是华筝，我很肯定这将是所有射雕影视中会让观众留下最深刻印象的华筝，不仅只是那个喜欢郭靖的大汗女儿，也是英姿飒爽、个性十足的草原公主。徐克把三人的感情戏处理的非常好，有情更重义。结尾郭靖对打西毒欧阳锋是一段爽到人天灵盖都要飞起的高潮剧情。,2025-01-29 13:30:17,10902
4431185123,射雕英雄传：侠之大者,2025,𠃑⺁,1,很失望，不建议看，追悔莫及,2025-02-01 08:42:58,5614
3903928144,射雕英雄传：侠之大者,2025,匡轶歌,2,哈。难绷。跟同期的《封神2》烂得各有千秋，烂出了花开两朵，各表一枝的款式。此处删去若干刻薄的形容，单独夸一夸华筝吧：谁能想到，最稀碎的一版射雕，却输出了史上最可爱的华筝呢。这是什么英姿勃勃、傲骨铮铮、情深义重的草原小野马，火热倔强的小辣椒啊，一个只能留给我们女人来爱的奇女子。建议跟黄蓉谈。毕竟全片只有她二人的对手戏擦出了火花。郭靖这个大猪蹄子有什么可恋的，带着两只白雕，策马纵横大草原多逍遥自在啊。扮华筝的小姑娘，气质飒飒的，是棵好苗苗，预告片的时候就瞅她亮眼，果然戏份不多却刷爆存在感，目测去演玉娇龙也会合适。,2025-04-12 16:18:38,120
4433899356,射雕英雄传：侠之大者,2025,谢之艾,3,已经完全脱离了传统武侠片的范畴，更像是一部超级英雄电影。特别是最后西毒欧阳锋与郭靖的对决，几乎像《复仇者联盟4》中美队与灭霸的大战。真怀念当年《新龙门客栈》那种充满武侠味道的江湖世界。 由于原著较长，更适合拍电视剧的长度，这次改编成电影自然要做大量删减。郭靖与黄蓉的感情线推进得非常快，可以理解，但让情感张力明显不足。 最令人遗憾的是黄蓉这个角色，无论是演员的选角、形象设计，还是角色的整体表现，都可以说是一个巨大的败笔。黄蓉本应是灵动聪慧、机智过人的形象，但在这部电影中完全丧失了这些核心特质，显得平淡无奇。她的角色似乎被刻意弱化，主要目的是为了突出郭靖这个主角，像是为肖战量身打造的电影。,2025-02-02 23:13:50,131
4425510117,射雕英雄传：侠之大者,2025,极圈里的燕鱼,2,华筝太漂亮了！侠之大者，为国为民，忠于国家就是效忠朝廷，情义这一方面演绎很好。蒙古大营和战阵视觉观感很震撼，剧情和叙事差劲，表演还不如选角，低于期待。,2025-01-29 15:48:03,1361
4506802249,射雕英雄传：侠之大者,2025,骁仔,2,1.全程懵逼中看完。情节快得只能开1.5倍速，刻意通过战争向侠义靠拢，反而拍得不伦不类，武侠除了大场面和配乐的情怀，其他的打斗戏、感情戏都让人无语。大名鼎鼎的五绝和七侠，好歹给个真人镜头啊！ 2.徐克还是金盆洗手吧 不然还是别再魔改金老爷子的作品 省的把当初的美好滤镜都给打破 3.梁家辉也请爱惜羽毛，被总给流量当炮灰了 4.对比之下发现此沙的电视剧版还是拍得可以的 起码忠于原著,2025-04-14 12:07:17,40
4426959689,射雕英雄传：侠之大者,2025,Monden_Z,4,角度很好，100多万字的原著电影集中选取了末尾的七章，也是最高潮迭起的部分，以小见大。场面也拍得很好看，武打江湖和家国情怀的结合，是比较有故事张力的。人物也是人均高光，群像饱满。“热闹，开心，浪漫，兴奋”。,2025-01-29 14:37:12,10
4431945081,射雕英雄传：侠之大者,2025,zhang 2nd,3,华筝真爷们，黄蓉真聪明，郭靖是真傻。角色和爱情方面都可以，但是爱国和武侠方面很弱，所以作为三角恋爱情片是及格的，作为武侠战争片是难看的,2025-02-01 19:43:18,95
4518359307,射雕英雄传：侠之大者,2025,刘浪,3,我知你看到一半走了。,2025-04-28 16:39:51,19
4414123814,射雕英雄传：侠之大者,2025,雨中月云间仙,0,徐克这部明显不完整的电影，给黄蓉写了一些原创性很高的剧情，我还挺喜欢的。庄达菲到底演的怎么样，我有点不知道怎么评价，就说，她没有很差吧。,2025-02-07 10:42:20,9
4444637983,射雕英雄传：侠之大者,2025,小A,3,庄达菲就算偏离原著黄蓉设定，也不至于被你们骂难看骂到这份上吧。因为是从原著中间开始讲故事，前情提要必须用快速转场和台词念出来，相当于降低难度，想说的内容又太多，全场快马加鞭讲故事还讲了2个多钟头。中间把一男两女三角关系表达得还算到位，至少黄蓉比华筝更大气，郭靖扪心自问自己追求的是什么，这两点值得表达，并且戏剧性到位。后面用将心比心的逻辑劝说大汗，价值观很正，逻辑也说得过去。其他桥段相对平庸，还有打磨空间。视听当然是不错，不仅是邪典味的打斗，文戏视听语言其实也经得起推敲。,2025-02-10 23:25:01,13
4129977701,射雕英雄传：侠之大者,2025,焦糖爆爆,3,一个义子用“侠之大者”这个中原理念就劝回了剑拔弩张的蒙大军，有点扯。欧阳锋和郭靖对战拍得好，加上比之前电视剧高级很多的特效，是好看。但武侠片重在武侠，言情为辅，郭靖黄蓉华筝三角恋戏份太多。配乐很有气势，但是感情戏也用同样的就不搭了。,2025-02-06 17:21:18,12
4428419515,射雕英雄传：侠之大者,2025,SingLesinger,3,那补的一箭改成让华筝射多好啊。老爸看完评价：这个郭靖不太傻，这个黄蓉也不太聪明。duffy把战衬托的演得都很好。制作很用心，武功特效max，两位主演没顶上来。,2025-01-30 12:59:10,152
4504736626,射雕英雄传：侠之大者,2025,ChrisKirk,3,这哪里是什么江湖，这不就是中国与香港的现实政治隐喻和徐克本人身份认同高歌吗？,2025-04-12 11:09:54,13
4508572617,射雕英雄传：侠之大者,2025,空山,2,浅嗑一下华筝和黄蓉，桃花岛继承人、丐帮掌门和草原雌鹰、大汗之女，我以前怎么没想到呢？还得是徐克,2025-04-16 17:37:51,40
4431888970,射雕英雄传：侠之大者,2025,Lies of Lies,4,最为精彩的无疑是蒙古大营三人行，华筝黄蓉一进一退，有《Johnny Guitar》般的微妙平衡，亦是剧本精妙之处。若是将蒙军犯宋决定前置，结束在肖战请辞回宋，华筝送其出营，把其他留给第二部，则可称得上是杰作。只是这样，票房可能又要少掉两亿。,2025-02-01 19:07:12,610
4433699593,射雕英雄传：侠之大者,2025,私～川流,2,救命，不如我去草原旅游一趟。什么稀碎的情节，什么单薄的人物，什么没前没后的情绪。确实浪漫得像一首诗一样，就，我能写出来的那种水平。,2025-02-02 21:37:47,754
4458724947,射雕英雄传：侠之大者,2025,unidolphie,2,改编得很迂腐，比如郭母的死，台词跟哪吒2没有两样，但根本不是这样的，黄蓉没有一点生命力，也看不出郭黄之间的情感，以及再也不想看对不上嘴型的电影了。想念《智取威虎山》。,2025-02-23 10:50:28,84
4657695354,射雕英雄传：侠之大者,2025,球状闪电,1,“我叫郭靖，宋人，从小就生于乱世，北宋末年，宋廷不断被金廷打压，北宋两位皇帝被金人抓走，史称“靖康之变”。北宋灭亡，向南迁都，建立南宋……” 开篇第一句话就槽点拉满，也是难绷。 侠之大者欧阳锋，开头给蒙军水源下毒，结尾刺杀成吉思汗，他的手下灵智上人也活捉拖雷与哲别。名为大金国师，实为民族英雄！可惜被大汉奸郭靖拦住了，功败垂成，惋惜不已。 剧情东一榔头西一棒，打戏全靠特效，演郭靖的肖战不仅没演技没台词功底，他甚至连一点近身打斗内容都没有，庄达菲都有一点点。 大多数时间都是二星水平的无聊烂片，但到最后决战那段直接血崩，降为一星。不仅是因为打戏的摆烂，情节的无聊，还有郭靖黄蓉手拉手挡住蒙军，爱与团结嘴炮感化成吉思汗的生硬团结叙事。 优点也有，盔甲服化道不错，比如金国铁浮屠，然后就没了。,2025-10-04 16:44:20,29
4667600620,射雕英雄传：侠之大者,2025,怦怦慌慌,1,…能不能让ai来代替真人演戏,2025-10-15 23:29:08,32
4393646730,射雕英雄传：侠之大者,2025,朱熠,2,看了一个长达两个半小时的超长片花，而且是带B站解说的那种，除了铁血丹心一无是处,2025-01-30 19:13:33,2557
4504268286,射雕英雄传：侠之大者,2025,blb,4,7分。视觉没得说！徐克的电影特有的精气神也十足！不过剧情嘛……徐克导演要是直接拍个连续剧就好了，就不用被迫把剧情撕扯个稀巴烂了。,2025-04-11 20:46:17,14
4445595574,射雕英雄传：侠之大者,2025,451½°F™,1,2025年春节电影档最大雷区，作为名著改编，既不尊重原著也不尊重历史。宣发核心的保家爱国成为最大的诈骗，通篇虽然是三角恋编剧却如同白痴一般，最精彩的内容都用品旁白，倒有空间反复回放小情侣腻味的片段，而到底郭黄两人都毫无共鸣感（从演员表演到故事结构），难道真是因为坊间传言是奉命之作，大家只是搭个草台班子应付了事？,2025-02-11 21:51:18,360
4499444028,射雕英雄传：侠之大者,2025,留下来,0,PPT式叙事让人出戏，很多是电视剧的语言，不是电影语言。重头戏变成了超级英雄打斗，缺少真实感，也没什么新意。蒙古草原很漂亮，华筝太惊艳了! 是最大亮点。最后的彩蛋里各个阵法的展示也很有趣，徐克真是擅长画饼。狄仁杰画的饼还没实现呢。,2025-04-05 23:50:26,12
4552482833,射雕英雄传：侠之大者,2025,影君子,3,情怀 欧阳锋确实演的好！,2025-06-08 01:14:19,3
4443011962,射雕英雄传：侠之大者,2025,大中祥符八年春,2,全片的主线不是武侠 而是郭靖黄蓉的感情戏 片名侠之大者 结尾郭靖还特意点题 生好像生怕大家忘了 但是全片下来看不出来侠之大者 只是简单的站出来嘴炮阻止蒙兵进攻就算吗 很怀疑导演编剧到底对武侠的侠义了解多少 往武侠上靠很单薄 往家国情怀上靠更匪夷所思 口口声声是宋人为了大宋 但抗蒙看着还不如欧阳锋出力更多 更令人诟病的是肖战的演技 招式动作都绵绵无力的感觉 完全没有九阴真经和降龙十八掌的气场和气势 和张家辉搭戏根本搭不起来 武侠片结尾还打成了魔幻片 离了大谱 女主也一般 根本看不出来古灵精怪的黄蓉形象 华筝倒是更漂亮人物形象刻画地也更丰富 总之比较遗憾 为了金庸武侠来看但甚是不满 前半段尚可 后面结尾太差了,2025-02-09 17:30:47,95
4504926762,射雕英雄传：侠之大者,2025,路米內,2,对射雕的强制重复，导致似对70年前设想的直接复制：有一条既和两种叙事相关又在两种叙事之外的中间之路（就此毫无长进的空想而言hk老一辈是非常对不起年轻一代的）。不过可能这些对徐克来说都不是很重要，原著提供元素和框架，战争是最新的技术实现背景板，拿什么来都是这么个操作流程，比如林海雪原，徐可能没意识到当下最适合他表达的媒介大概是短视频短剧,2025-04-12 15:21:54,36
4504202665,射雕英雄传：侠之大者,2025,roja,3,感觉是书的切片集锦,2025-04-11 19:20:15,49
4504960716,射雕英雄传：侠之大者,2025,驹光过隙,3,主要节选了的《射雕英雄传》结尾几章的剧情，对于之前的剧情还要以过于简单零碎的回忆形式来呈现一下，叙事比较散乱，前期基本上是寻找黄蓉以及三角恋这样的感情戏，“侠之大者”这个主题也是到最后才体现。选角非常不满，郭靖黄蓉实在很难喜欢，全片最有好感的欧阳锋最后也面目全非了……不过场面做得确实挺宏大，画面挺有美感，特效也还说得过去，但对这种用特效代替武打戏的“武侠”片实在喜欢不起来，片尾彩蛋把《武穆遗书》的阵法拍了出来算是失落中的一个小惊喜,2025-04-12 15:59:47,6
4381050017,射雕英雄传：侠之大者,2025,曼靑,2,骂还是要骂的，但是作为金庸迷和港片武侠迷，我还是看到了很多有趣的小彩蛋。BGM用的是83版射雕的主题曲《世间始终你好》、阔别李连杰版《笑傲江湖》30年之后徐克才再次得以把金庸武侠搬上大荧幕 因为金庸生前对于徐克魔改自己的小说很生气 不再卖版权给他、演过乔峰的胡军饰演同为丐帮帮主的北丐洪七公、饰演托雷的演员阿如那是蒙古族 他是名副其实的铁木真后人。看到最后，全是唏嘘和遗憾，电影内容主要讲述了第34章至第40章的内容，虽说瞻前顾后讲清故事脉络不易 但是两个半小时的时长真的太水了，彻底砍掉了杨康穆念慈欧阳克的戏份、五绝除了西毒其他几乎没出场，作为一部武侠片却连一场像样的打戏都没有，郭靖对着篝火和石堆展示九阴真经真像一场杂技，欧阳锋走火入魔之后居然有一圈黑色风火轮盾牌加持就更离谱了 以为在看科幻片。,2025-04-12 00:15:52,34
4505146867,射雕英雄传：侠之大者,2025,DONT_BOTHER,3,台词不对口型，整个很有悬浮感，好像在听解说。华筝塑造得确实好。肖战演得很木。整个电影台词写得太差了… 雷雨天闪电相认的情节挺浪漫的。还有郭靖母亲就不能换个人来演吗，就很出戏。,2025-04-12 19:16:56,13
4036190413,射雕英雄传：侠之大者,2025,蒜 | BOY A 🌈,3,感觉撇开银幕外的那些纷争话题，电影还是可以看的，也仅是可以看而已。,2025-07-28 15:31:15,2
4429586687,射雕英雄传：侠之大者,2025,核蛋Klakt,1,太差！这可是徐克哎！一宗罪，叙事混乱。想要面面俱到反而都是蜻蜓点水。二宗罪，主题生硬。除了最后从郭靖嘴里直接说出的点题前边几乎没什么铺垫。三宗罪，人物扁平。人物几乎没有成长，没有人物弧光。四宗罪，武打场面差。动作戏拍成现代战争，互相扔手雷？五宗罪，黄蓉垃圾！简直是史上最差黄蓉，没有之一！灵、美、软，一个都没占上！,2025-01-31 02:55:19,3804
4428960080,射雕英雄传：侠之大者,2025,Anamnesis,2,2.5星，一星给战争动作戏，一星给在线的运镜和构图，半星给华筝故事线。求求徐克以后别搞这种剪辑稀烂，故事结构不知所云的片子了。,2025-01-30 19:59:36,829
4515170538,射雕英雄传：侠之大者,2025,事事顺心,2,被zzzq影响的一部电影,2025-04-24 20:30:43,32
4515195420,射雕英雄传：侠之大者,2025,红皇后,3,本来想去影院支持一下的，却因为各种原因错过了。看完一声叹息，最短板的肯定不是演员，而是编剧。也要感叹一声，徐克老矣。但是看到徐克与施南生的名字还能在一起出现而有点喟叹。故事内核挺一般的，大场面又太多。显得结构很怪。徐克的那一套放在现时代放在放大镜下肯定问题多多，就像武侠那种任侠尚义已经远离这个时代一样。,2025-04-24 21:02:10,5
4462692000,射雕英雄传：侠之大者,2025,霸王吃🍵3050岚,3,虽千万人吾往矣,2025-02-26 21:32:41,4
4353783019,射雕英雄传：侠之大者,2025,雕刻时光,2,乱套，武侠味所剩无几，为了所谓为国为民把战争场面做得再大也救不了满嘴废话搞得像是弱智者们的游戏，情感线也一塌糊涂，西毒成了郭靖成英雄的垃圾垫脚石。,2025-01-29 14:54:50,6012
4507787212,射雕英雄传：侠之大者,2025,阿默沫,1,槽点太多太显著了：1.虽然故事耳熟能详但既然要拍新作也不能把剧情缩减成这样（江南七怪的脸都不给人看一个）；2.特效用的可真顺，硬是把一部武侠剧拍成了玄幻题材；3.压缩太多剧情使得每个角色的人设都很有问题，完全立不住，感觉每个演员的选角就都有问题（肖战的妆造其实还不错挺贴郭靖的，另外这版的华筝不错）。看得出这电影很想升华家国大义的主题，不过成片就真的呵呵了。,2025-04-15 16:49:25,57
4435073670,射雕英雄传：侠之大者,2025,壹安²,1,我嘞个抗蒙英雄欧阳锋，嘴遁鸣人郭大侠，无意当三黄帮主，江湖战力提议崩塌…老怪去其精华的拍法也是个性。原著里铁木真要屠城，郭靖为全城百姓求命的高光戏为何不拍？铺垫了那么多五绝，哪怕删掉几分钟风车戏让位给华山论剑呢…我只能说全篇最“侠之大者”的部分是李萍自尽，和华筝救黄蓉。偶像啊，咱下回可以更颠覆的，咱就拍蒙汉联姻，枭雄诡惡，五绝把华山论剑搬到抗蒙战场…,2025-02-03 20:37:08,1318
4437645568,射雕英雄传：侠之大者,2025,安德烈大叔,3,不觉得差，只是觉得是在当下时代可能会格格不入的身份政治问题，可能不符合当下人的对武侠的期待。不谈别的，军事器械和木构建筑细节基本符合宋史，这个没多少片子做得到。,2025-02-05 13:37:10,15
4458826089,射雕英雄传：侠之大者,2025,荒林,2,乱七八糟,2025-02-23 12:37:44,75
4507384984,射雕英雄传：侠之大者,2025,虚空尽无,1,把武侠拍出了主旋律的味道,2025-04-15 00:52:07,56
4427238350,射雕英雄传：侠之大者,2025,一灯,2,中原武林人士异能ppt,2025-01-29 18:07:20,3430
4436390951,射雕英雄传：侠之大者,2025,荔枝超人,4,侠义源自家国情义，找人也在找自己。影像上武侠世界的天马行空与历史写实结合到位，有不少让人大开眼界的场面；故事较原著有一定程度改编（基本上算是重新创作了），但无失灵魂，除第一段稍多零散的闪回和旁白外整体一气呵成，线索清晰节奏松弛有度，且大气中言之有物，是很电影的改法，文本在徐克近年导演作品中肉眼可见的进步（如黄蓉让华筝去问郭靖身上有没有兵书简单几场戏，情感和故事双线同步相向推进，显剧本功底）。,2025-02-04 16:35:41,175
4427672096,射雕英雄传：侠之大者,2025,Dreamer,4,我是第一次看射雕英雄传，挺有意思的，剧情紧凑精彩，打算以后补补剧版。电影还将反战主题融入其中，武侠的热血与人文关怀完美交融，值得一看！西毒欧阳锋=灭霸+死侍，学霸型反派。中国也有自己的漫威了！欧阳锋的手下和丐帮都挺好笑的，几位的选角非常棒。郭靖与黄蓉的感情线，浪漫得直击人心。我以风车寻你，你以桃花酒焖鸡寻我。这是独属于中式古典的浪漫，质朴又深情。两人从相识到并肩作战，满是烟火与柔情。,2025-01-29 22:19:38,1485
4445016249,射雕英雄传：侠之大者,2025,沈一泓,3,黄蓉到大漠的剧情颇有创意，加分！其他部分，尤其是武戏，看不了啊看不了，演技几乎没有，台词大量配音口型对不上，军阵变化在彩蛋啊，烂到不是很烂，但是票价肯定是不值！！,2025-02-11 11:42:58,12
4435246644,射雕英雄传：侠之大者,2025,微喵的兔姑娘,2,这不是我认识的黄蓉，也不是我见过的郭靖，这甚至都不太像我喜欢的射雕英雄传,2025-02-03 21:50:15,490
4511886344,射雕英雄传：侠之大者,2025,神哥,1,侠之大，全靠比划。徐老怪你这风格是孙悟空在发冲击波啊，还是压根就是个玄幻故事啊⁽⁽ƪ(•̩̩̩̩＿•̩̩̩̩)ʃ⁾⁾ᵒᵐᵍᵎᵎ啊，对了，还有，雷劈不着，她靖哥哥不允许Σσ༼ ͝°థ౪థ)° ༽꒱,2025-04-20 17:40:10,52
4504928642,射雕英雄传：侠之大者,2025,超cute侠,2,比想象中更糟糕，故事量太大，就用多次闪回来解决，搞得电影支离破碎。剧本本身也很差，爱情戏比重太大，后面又要用郭靖演讲上价值，男女主表演也很生硬。,2025-04-12 15:24:04,40
4573432873,射雕英雄传：侠之大者,2025,枪杀杰西詹姆斯,2,庄达菲别紧张，是徐克没发挥好。最后给华筝公主那么一笔，也还挺说明确实其实把儿女情长作为了主线，侠之大者基本都是互相喊话来实现的。不知道女性观众怎么看两个女性人物的塑造，华筝的出场调度还行，很飒，然后听闻郭大侠在中原有了爱情，然后就崩溃发疯，或许这还算符合她公主的人设,2025-07-10 13:37:05,16
4531509436,射雕英雄传：侠之大者,2025,sam,2,毫无必要的片子，仿佛是一部有声书精读快剪。,2025-05-14 14:30:04,24
4484967605,射雕英雄传：侠之大者,2025,瑞岱,2,來看的人不多，法國人有一些。真的很差，整體幼稚化、訊息化、傻呆化。有些置景和演員的服裝能夠確定這就是徐克參與拍的。這片問題太多多到無法想像。演員，剪輯，配樂，攝影，特別是分鏡，還有最最最重要的對白、劇本。這樣用如此初級漏洞百出的運鏡、糟粕至極劇本和台詞辜負世界各地的觀眾有點……。正常人都有明亮的眼睛和一顆心。狂用CGI特效（鷹放的有點多了）和棚拍，狂用中近景，整體調色過黃也都是敗筆。2🌟給演hz的女配還有很努力的男主，以及原著。PS： 1，這片背後定论操刀那位您這樣真的好嗎？2，那句，戰 戰神….歐陽鋒的造型太惡心了，演太過了，過幾年他還要教楊過……3，徐克自己最想拍的還有他本來能夠呈現的都在正片完結的花絮的場景調度和動作戲上。4，做梦梦到要找x导演聊天……,2025-03-20 06:58:11,55
4520199235,射雕英雄传：侠之大者,2025,心如止水,2,太烂了，剧情不忍直视。工业化水平，大场面，徐克不让人失望，不过颇有长城的范儿。前半段文戏冲突就是黄蓉和华筝的矛盾。后半段特效大场面，无聊至极。神话剧都没这么邪乎。,2025-04-30 23:27:03,31
4508684104,射雕英雄传：侠之大者,2025,理易封,1,这都拍了些啥……剧情乱就算了，怎么还有音画不同步对口型的问题,2025-04-16 20:32:33,61
4505947360,射雕英雄传：侠之大者,2025,寒塘鹤影,1,旁白一出来，就感觉很弱智,2025-04-13 14:27:19,113
4510236961,射雕英雄传：侠之大者,2025,颍原真吾,2,战争带来的只有痛苦。,2025-04-18 21:19:58,32
4513549411,射雕英雄传：侠之大者,2025,O型血,3,过年期间没去电影院看，现在补上。郎才女貌天生一对啊。庄达菲皮肤真好啊。厨神黄蓉已上线，看着就有食欲啊！动作戏全靠特效，一点力量感和打击感也没有哇。第一次见张文昕演电影。,2025-04-22 18:24:16,6
4505067844,射雕英雄传：侠之大者,2025,Dew,1,反对“又红又专”就要把“又白又烂”捧上神坛吗？不是肖战粉丝还打了两星以上的友友们，看到历史虚无主义难道就激动得可以把黑店门口丑得好像打印店老板刚上小学的儿子做出来的“金”“蒙”俩大字儿视而不见吗？你们真的对电影艺术没有一点追求了吗？,2025-04-12 17:52:21,58
4506768305,射雕英雄传：侠之大者,2025,东北洪常秀,2,郭靖大战奇异博士,2025-04-14 11:14:25,78
4034585977,射雕英雄传：侠之大者,2025,亲爱的猥琐猪,3,感觉从《奇门遁甲》、《狄仁杰》系列再到《长津湖》，徐克的叙事好像多少都有点流水账（另外开场偏爱360°缩放主要登场角色的雕像建模结合巨大文字不知道是啥癖好），不过前面几部靠着一个个局部的精彩段落和创意掩护过去了。这部射雕拍的是郭靖、黄蓉分别后，经历蒙军营地各种波折再重聚、最终于宋蒙两军阵前止戈的一段，其实文戏比武戏更重，选来作为贺岁片着实挺有挑战。但效果比预期竟好一些，主要是有两个更烂的对比：一是《角斗士2》最后明显格局不足的止戈，一是《封神2》那磕磕绊绊非常生硬的回合制“大场面”对战。这里就可以看出名导的镜头、调度功底还是很扎实，尤其开篇蒙骑射手对战金重骑兵一段很硬。拳脚方面，九阴真经加降龙十八掌像在致敬魁拔而蛤蟆功不免想到《功夫》。人物方面，华筝、黄蓉互动有趣，郭靖倒是不太讨喜。,2025-02-07 00:22:32,9
4427710234,射雕英雄传：侠之大者,2025,黑色大丽花,3,总结起来，就是古装偶像剧➕大战“宇智波斑”欧阳锋。我感觉拍得不好，导演徐克太注重美术了，轻剧情。这片子适合看Cinity影厅。是靠结尾突然升华，用丘处机一样的“止杀令”，以体现“侠之大者”片名四个大字吗？,2025-01-29 22:38:14,127
4478229167,射雕英雄传：侠之大者,2025,мая,3,6，看到了某种我们在日常看待射雕改编作品中忽略的情感互动性，徐克从小说最后五章大漠战争以及郭黄两人的情感危机入手，强化了郭黄以及华筝三人的三角关系以及郭靖汉蒙两重身份的矛盾属性，来论证结尾所谓的和平主义止战的正当性。我个人觉得不结合真正的历史以及神雕侠侣续作的影响，这种改编还算能够接受，过于纠结和拧巴的政治表达很大程度稀释了电影的类型快感，让那些还蛮有趣的两人隔空互动的桥段显得没什么力量。动作戏全承原力对波轰击，如此拉胯倒是让人始料未及的，徐克拍武侠竟然没有了想象力，那基本电影毁一半了。,2025-03-13 09:16:04,3
4427566576,射雕英雄传：侠之大者,2025,迷蟲朋克,4,郭靖这样的豪情壮志，侠义忠胆，在今天这样的时代更应该在大银幕上好好地呈现出来，武侠是中国人骨子里的浪漫。徐克真的很懂武侠，也很懂怎么震撼观众。,2025-01-29 21:26:49,1693
4427322282,射雕英雄传：侠之大者,2025,Peter Cat,4,在民族意识形态、金庸原著、儿女情长（流量演员使用）三方面平衡很好，结尾更是诠释了好导演不需多费一兵一卒（特效和排场），也可以抵达高度。,2025-01-29 19:02:03,901
4390474776,射雕英雄传：侠之大者,2025,冯凝,5,怎么说呢，故事稀烂，结构崩盘，情节乱改，但黄蓉颜值真的很高啊,2025-01-30 01:04:02,794
4430246632,射雕英雄传：侠之大者,2025,艾小柯,2,拖沓疲软的开头和莫名其妙的拉垮结尾，只有中间的华筝才把这部片整活了。最奇怪的是电影的每一个片段从拍摄角度看其实都是很棒的，草原的壮阔、郭靖的憨直、两军对弈的血腥和战时百姓的凄苦，甚至徐克对绝世神功化形于气的表现方法，要么扎实，要么清奇，都很有可看性。然而这些片段拼到一起后却哪哪都拧巴，太多说教，太急于表达，对于战争与和平的思考更是左右摇摆，两厢为难。视觉呈现和主题线索如此分离的作品也是够难得的！另外黄蓉这个关键人物没立起来，郭靖的处境就缺乏说服力。总之全部素材都该通通打散回炉重造，剪个新版本重来！另外须重新配音，对话和口型不合这种低级问题绝不该出现。,2025-02-22 00:43:16,59
4430401123,射雕英雄传：侠之大者,2025,达力猿,3,3.5吧。蛮有克味，场面调度和光影语言没毛病可挑，华筝黄蓉欧阳锋都很好，有蛮多喜欢的镜头。问题在于，至少60％的台词对不上口型，蒙古语后期配得很奇怪，汉语部分估计不少删改。以及肖战似乎错误地理解了郭靖身上的侠气，更错误地消化了自己本身的气质，多数时间都在扮演一个苦大仇深皱眉抿嘴的人。他更适合许仙。美貌、温柔、包容和敏感气质对于男演员来讲是天赋来的，如果有选择权的话，别在男人戏里登海沉浮了。,2025-01-31 19:36:40,528
4428023119,射雕英雄传：侠之大者,2025,Hushnore,1,挺致郁的，有尚气味。,2025-01-30 01:43:04,2903
4429386232,射雕英雄传：侠之大者,2025,自我生活,5,这版《侠之大者》有个很好哭的点就是把李萍的形象刻画的更立体了，一个放手让儿子去飞，舍小家为大家的伟大母亲。,2025-01-30 23:50:17,1212
3779493335,射雕英雄传：侠之大者,2025,不脱袜子同学,2,全程看得很开心，因为槽点实在太多了，黄蓉一登场就“熊猫烧香”引雷，是真的雷。还有类似“天下武功唯有蛤蟆功，弹指间郭靖灰飞烟灭”这种台词，欧阳锋真的工具反派，武穆遗书也是来打酱油的，太搞了。还有那些视效，真的不是漫威吗？不要再讲乌尔善是蒙精了，徐老怪比他还夸张，恨不得全片都用蒙语了。,2025-04-11 22:26:12,32
4505171344,射雕英雄传：侠之大者,2025,huyouyou,1,真是浪费了一个下午，爱情、武侠两不搭。#20250412,2025-04-12 19:40:05,46
4427913116,射雕英雄传：侠之大者,2025,大海里的针,3,就很一般，本以为能看到两军交战的大场面，没想到最后只是欧阳锋和郭靖的魔幻对波。想要拍侠之大者，真不如改编襄阳之战，不过那就只能叫神雕侠侣了。另外用剧版的经典bgm确实有情怀，但是这么大制作的电影反复吃前人老本，合适吗？这版唯一的亮点就是华筝了，真正敢爱敢恨的草原奇女子。,2025-01-30 00:29:38,260
4435142230,射雕英雄传：侠之大者,2025,Morning,1,武侠小说里有个潜在的创作规则，侠不入战争，因为会有bug，一人能敌千军万马，西幻里的巫师也不会参与战争。到了金庸，他想法设法的写了很多更大的大侠，如何走入历史，如何以救人到救民族，郭靖是佼佼者，他成侠的路径写得很好，所以受人敬重，可是本片像是抹去了他的内心，以最通俗的后来的影视创作的套路将他绑架进最后的情节。我原以为要拍他如何用武穆遗书结合武学打仗，结果最后是让两军当他和欧阳锋斗法的观众，这一段可以直接并入封神2，降龙十八掌和九阴真经拍得不伦不类，郭靖的战力设定不和逻辑。电影里的华筝比黄蓉还像黄蓉，剧版怎么没把这个新人挖出来演一个真黄蓉。两主角演得都很虚，角色已经把演员本身吞掉了，一直强调改编后几章，实际也把前面的部分囫囵吞枣的胡乱改编了，大可不必，且融了杨过和乔峰的点在郭靖身上不伦不类。,2025-02-03 21:06:39,504
4427537297,射雕英雄传：侠之大者,2025,钢筋工钢筋,2,为什么一部电影能如此成熟的同时又如此不成熟？中国也有自己的漫威大片，学VFX未来就是给这种东西刷金。看开头以为是公式模板秀技术电影但被打脸，这个诡魅不似常人的闪回插叙根本无法总结出规律看不出任何逻辑，连ai也生成不出来这样混乱抽象的侠级霸剪，显然已经获得梁家辉同款走火入魔。制片是对两位主演和导演水平多不自信竟然把片子堆满了完全不必要的台词，偶尔能看出来明明可以通过镜头语言叙事，为什么非得把观众当傻子加这么多宝宝巴士级别的废话画外音呢？主演配音太差了连口型都对不上，肖战中规中矩还行庄达菲几乎撑不起来黄蓉这个角色啊好miscast，想通过两位主角来煽情但人物根本没塑造起来，后半段只想上厕所。张文昕挺惊艳有点像刚出道的周迅，期待她未来演更好点的片子。 我爸很喜欢，还想看唐探，看完可能这部改三星。,2025-01-29 21:10:53,1082
4508044423,射雕英雄传：侠之大者,2025,17950,3,这改编有点厉害，叙事效率之高怕是MCU那些漫改都要自愧不如（但是这么比也不合适毕竟金庸及其衍生已经融入这代国人血液了拆骨重塑也不怕人跟不上…），一般人可没这么改编的魄力勇气想象力…但至于结果嘛🤪…非要说完全忍不了的地方，主要还是打斗部分全程打空气，真的mcu都不带这么玩的🤷🏻（我是不会给这片打港产tag的）,2025-04-15 22:42:00,3
4460211084,射雕英雄传：侠之大者,2025,子皿与舟,2,看到片尾人名表那么多部门leader都属着导演的名字，就觉得没有功劳也有苦劳。又是一个用心做制作，用脚写故事的经典范例。,2025-02-24 14:13:06,39
4426212710,射雕英雄传：侠之大者,2025,momo,2,什么西毒申公豹大战郭靖神火罩……一股子新时代“无极”味儿，白瞎了48帧的配置……你们吐槽旁白推进 雷电双闪 难道最好笑的不是“我是郭靖……北宋灭亡，建立南宋”吗……而且叫花鸡根本不是“焖”的，应该叫煨或者焙。半星给女主，一星给华筝，半星给双雕……,2025-01-30 19:30:45,1214
3930460368,射雕英雄传：侠之大者,2025,茗政,1,春节档唯一纯喜剧。如果可以打0分，我选择0分。,2025-01-31 23:12:08,5081
4506264267,射雕英雄传：侠之大者,2025,非人类shang,2,全方位的平庸，除了这些名字，其他根本找不出武侠感，哦对不起，还有除了那个铁血丹心配乐。现在的徐老怪感觉电影里面的方向总是跑偏了，就像之前的狄仁杰、奇门遁甲，总是着眼与那些特效奇技，这部特效反而又不够看，截取射雕这一段细讲是好事，可是想做系列开山，选择这种更多大众熟知的剧情下人物内心的成长转变节点，结局就是这样无味，还有像末尾去研究那些真实阵型？是要拍历史战争片吗？,2025-04-13 20:33:08,24
4042528138,射雕英雄传：侠之大者,2025,LawRachel,2,最后欧阳锋和郭靖的对战五星好评，但前面的叙事嘛就碎得让人想半路弃了，为什么要试图在电影里容下电视剧体量的故事，好久没在电影院感觉时间如此漫长了......肖战的妆造和表现确实会让人放下对他的成见，但依旧低消不了我对徐老怪的失望（看到片头徐克作品的字体变了就有种不详的预感）...... 我坐到最后都没等到放完整的经典BGM，早知道早点退场了,2025-01-31 18:21:56,315
4429185023,射雕英雄传：侠之大者,2025,Gore赞,4,侠之大者的改编无疑是一场视觉与心灵的双重盛宴。特效与实景结合得天衣无缝，让人目不暇接。,2025-01-30 22:10:41,726
4427853330,射雕英雄传：侠之大者,2025,#木鼓鼓🌈#,3,华筝人物好演员好，多演。叉烧芬也好。,2025-05-14 10:33:36,3
4518442578,射雕英雄传：侠之大者,2025,龙皇,3,场景宏大，特效还行，蒙古演员到位，尤其华筝很出彩。剧情有点乱，和经典差太多。,2025-04-28 18:54:43,4
4626666744,射雕英雄传：侠之大者,2025,多多洛,2,除了镜头和场面，真的没什么意思。,2025-08-27 17:35:45,8
4457940079,射雕英雄传：侠之大者,2025,Eaves,2,可以察觉徐克在人物及其复杂交互之间，试图推向某种更生、重塑与细腻的缠结，他的武侠时空与侠义阐发本该显露更充分的野心，但明显多方的掣肘撤去了那些不可明说细考之物，留下的只是守平持正、清汤寡水的快消品。在蒙古大营中借三人角力一度将关系的演绎推向一个波峰，而在类似黄蓉的犹豫后退、华筝的义气解救这样的个体选择中，以及她们一贯展现的果决坦荡的言语姿态，可以窥见重构武侠情义想象的一定抱负。但是欧阳锋与郭靖秉承两套宗旨的双雄对决被处理成浅白的二元冲突，而对待大汗的政治动机与考量含糊其辞，乃至完全隐身的宋廷，是空留遗憾的弦外之音。不过可以揣想：郭靖重视正统实胜于明君乃至黎庶，或则在他那里二者是不可分的，一个不好杀人的大汗仍做不了大宋的君主。,2025-02-22 19:14:21,34
4436932919,射雕英雄传：侠之大者,2025,思路乐,2,【C－】是有着部分在影调上饱含趣味性，甚至可以被评价“饱含质感”的段落：郭靖黄蓉雨夜重逢的拟POV镜头，着重捕捉雨点的狂乱动势来强化情绪；黄蓉从欧阳锋手下逃走，镜头运动清晰展现荒草破屋的空间结构，各怀鬼胎的角色也成了引导视线的高效点缀。除此之外在大部分时间里都更像一部镜头速率无标准值的“桌面电影”，黄蓉那鬼灵精怪的特质被替代成摄影机视点的闪展腾挪，浏览于假棚假景为主导的风格化平面，重新扫描武侠类型被时代抛下后所遗留的“精彩”图像。只是能力和想象力的退化依旧无法开脱，结尾大战既无姿态也无势能，3D电影退潮后的徐克面对“透明”的CG制作显得力不从心，调度也没有自诩浪漫的底气，或许两军阵前的大片空洞才是本片无法自控的隐性主题。,2025-02-04 22:35:42,172
4467505338,射雕英雄传：侠之大者,2025,舌在足矣,3,基本上就是一部活更好的《尚气》，但是我们为什么要看徐克拍《尚气》呢？几十年的身份危机母题到如今早就已经无解了，但徐克依然还在以两边不得罪的思路绞尽脑汁来调和这种冲突，最终自然是极其拧巴,2025-03-03 07:50:39,15
4427275935,射雕英雄传：侠之大者,2025,怪力比多兽,1,但凡你读过小说、看过老版电视剧，你就明白这是侮辱金庸的程度。,2025-01-29 18:31:27,11878
4527089952,射雕英雄传：侠之大者,2025,野百合终生美丽,1,这算电影？前100分钟就是预告片+MV合集。 主演古装扮相都太丑了。 只有胡军演的洪七公还有点儿意思。 另外，“大宋”两个字犯法吗？小说、以前的影视，都是称大宋子民、宋人、汉人，为什么这里统称“中原”？,2025-05-09 01:34:00,64
4461108947,射雕英雄传：侠之大者,2025,十八爷,0,止战之殇版敌营十八年之黑魔法传奇,2025-02-25 11:00:13,5
4428855131,射雕英雄传：侠之大者,2025,张敞,3,主线是郭靖大战欧阳锋，肖战大战梁家辉，俊的大战丑的，最后郭靖的黄圈圈打败了欧阳锋的黑圈圈,2025-01-30 18:47:18,66
4427088857,射雕英雄传：侠之大者,2025,恒申乐玩,5,学《魔戒》：西毒就类似甘道夫+邪派巫师，可惜西毒搞成了甲亢患者眼球突出，西毒搞九阴真经搞成咕噜。反派的梁子翁类似矮人，郭靖学阿拉贡，虽千万人吾往矣，一个人单挑大军。精灵女王是臣妾老娘娘，精灵神箭手，精灵公主，都齐了...,2025-01-31 14:16:57,5
4440356584,射雕英雄传：侠之大者,2025,Crazy Ivan,3,民族 第一次看270度三面厅，徐老怪的改编其实有点新意，可惜实际表现欠佳，弄得太玄乎，不够武不显侠……,2025-02-07 15:17:26,6
4353741439,射雕英雄传：侠之大者,2025,猫阿水,0,感觉像看了一个“两个半小时带你看完射雕”的解说视频……一段一段迅速推进，害得我中途专门看了一下是不是我自己设置了倍速……,2025-04-15 14:14:00,4
4431639451,射雕英雄传：侠之大者,2025,颜落寒,3,是小时候电视上看的金庸剧的味道，挺好的（×）。不好，让我嗑到“筝蓉”了☺️郭母也令人感动🥺三星给三位女性吧。徐老怪还有机会拍一部大女主武侠电影吗？如今的年头，怕是真正的武侠片只会越来越少😐,2025-02-01 16:10:59,70
4520733775,射雕英雄传：侠之大者,2025,烈焰红唇龙,1,特效，无实招的高武世界，PPT地转场，碎剪辑，根本无视剧情人物成长历程，如果说是郭黄同人作或者蒙古奇侠录倒没什么问题，但如果是拍金庸的射雕，那可真的是灾难了。,2025-05-01 17:15:39,31
3985418147,射雕英雄传：侠之大者,2025,慈悲鞋底,3,看过之后发现蒙古大军是要借道啊，颠覆认知。黄蓉没有古灵精怪，不过和这里的郭靖很般配，华筝敢爱敢恨，宋兵腐化不堪，“忧国忧民，悲悯众生”这是大侠吗？好像是神仙,2025-04-19 00:55:56,2
4510823067,射雕英雄传：侠之大者,2025,荒野侦探,3,郭靖黄蓉华筝的三角恋部分还是很浪漫的，战争与和平大背景下的爱情，跨越千山万水也要找到你。就是大量的画外音用的不好，特效很多部分也很粗糙有点落后时代。中后段郭靖学《武穆遗书》，用在最后逼退蒙古大军多好，哪怕伤亡惨重也是前后呼应，最后让欧阳锋solo一段莫名其妙,2025-04-19 15:25:21,4
4467954089,射雕英雄传：侠之大者,2025,唐小万,2,除了把华筝的人设改得更符合当代观众口味，很难再找出多少优点。开头十几分钟念PPT，打斗犹如漫威。演员其实没什么问题，败在导演编剧。最大的亮点是偶遇了新年烟花。,2025-03-03 17:05:13,40
4504079220,射雕英雄传：侠之大者,2025,龙小姐的猫,3,徐克的想象力一直领先其他武侠导演几十年，从画面感来看从未让人失望过。 但这部老是出戏，我家乡在蒙古自治州，最好的朋友是蒙古族，电影对蒙古族的描述过于汉化中原化，蒙古族没有跪人跪拜的习惯，彼此之间也是很平等的，王没有儒家文化的这种高高在上的阶级感，而且大部分长得都壮，高颧骨大脸盘子女性很白，导演虽然都选了真蒙古族演戏但都是过于消瘦面部凹陷。 而且这部的黄蓉没有灵气看起来不够聪明，特别是眼睛不灵动还不如华筝这个演员,2025-04-11 15:59:53,17
4679331334,射雕英雄传：侠之大者,2025,Tina,1,离了个大谱了，不看真想象不到有多烂，剧本是哪位大聪明的神作，是不是觉得魔改金庸好牛叉的，问题是这剧情散的堪比ppt，不入心的胜过ai，该呈现的重头戏全略过，剩下的全是拼拼凑凑的低质量糟粕，并且台词几乎句句有雷点……以导演的水平，搞成这样也不应该啊，真是一场可怕的影视灾难,2025-10-31 22:23:10,17
4557125761,射雕英雄传：侠之大者,2025,蓝霉沉皮,2,旁白电影。叙事刀片般破碎。侠义、仁爱、牺牲、守护，啥也没看到。全员没有支点。,2025-06-13 18:28:58,14
4427624255,射雕英雄传：侠之大者,2025,拝啓、あなたへ,2,剧情零散稀碎全不连着，侠之大义都被小情小爱占了主题，期待的打戏居然是二女争一男，好了是闺蜜，不好是敌蜜，欧阳锋的部分简直魔改手撕鬼子画风，特效的人物比例欧阳锋快跟门楼子一样高了，郭靖还行，黄蓉不灵性,2025-01-29 21:55:58,947
4530954714,射雕英雄传：侠之大者,2025,伍叁壹,1,看完只想？？？？？？？？？？？？？？？？？？？的一部，这特喵的是喜剧，还是情景喜剧吧？？,2025-05-13 19:49:53,44
4507089302,射雕英雄传：侠之大者,2025,咖啡只喝速溶,2,连个故事都讲不明白就别拍电影了。之前被截图吐槽的庄达菲反而比想象中要好看许多。,2025-04-14 19:17:09,22
4433499332,射雕英雄传：侠之大者,2025,李大米,3,客观来说，不算大烂片，射雕这个大部头改电影确实难，至少制作是很用心精良的，一星有点过，肯定比隔壁封神2强，但也问题很大，想要的东西太多，没处理的很好，各方面都显得杂乱了，徐克没有了魅力主演来落地角色魅力大打折扣，情感在干剧情里变得不够动人，但在这个充满男凝刻板印象的春节档，要为最有血有肉的华筝公主加大分，以及83射雕主题曲yyds 没有了黄霑，配乐相当潦草，很多地方打乱情绪让叙事表达更乱了。武戏没眼看，武侠的武打不好看就真的不算武侠了。 徐克想讲江湖讲战争，但片子外的这场战争和舆论江湖更好看了。听说某些不可说的原因，很多打花剌子模的内容拍了但删了，哎。最后感觉这片被肖战粉坑了，不吹不黑本来是中规中矩的青年演员，好好发展也是可以的，粉丝们你们这么招黑真的对你们哥哥好嘛？,2025-02-02 19:42:48,24
4429616722,射雕英雄传：侠之大者,2025,LADarwinci,3,前面的ppt风格差点意思，但人物的表情戏有几处让我动容。这个版本的华筝挺灵。,2025-01-31 04:31:24,55
4429504775,射雕英雄传：侠之大者,2025,下落不明-IP略,4,无论多么复杂繁复的外部表象，也掩盖不了由一而终的简洁内核，好似于混乱之中永远有一根定海神针。又在目不暇接之中将细节无限放大，随着视角的不断变化而任意飞跃，探讨归属感，寻找被打散的感情。情与义两相牵，同时又互相制约。肖战，“销战”也。老怪拍了这么多大制作，终于能将纷繁的乱象理清了。3.7,2025-01-31 01:10:41,880
4426920669,射雕英雄传：侠之大者,2025,妖怪dodo,3,梁家辉！,2025-01-29 14:02:33,93
4468588188,射雕英雄传：侠之大者,2025,饮歌,2,2.5 怎么说呢，我觉得新武侠的美学概念是在线的，但是其他真的很难评。两个主演的选角挺尴尬的，本应是相貌平平且憨憨的郭靖和漂亮伶俐的黄蓉，被两个主演成功掉了个个。,2025-03-04 06:31:45,25
4435321358,射雕英雄传：侠之大者,2025,美少女壮士,5,做为80后，金庸先生的武侠小说改编影视作品看了很多。这部电影一直都很期待，上映第一天就迫不及待的看了，真是不负众望，拍的很精彩。,2025-02-03 22:21:07,254
4430523122,射雕英雄传：侠之大者,2025,小叶猫子,4,太徐克了，风格鲜明，出彩好的地方是真好，但是讲故事的节奏就是徐克一贯的，有些时候神来之笔，有些时候不知所云。前半段稍微有些拖沓，但是后半段很好看，郭靖寻找黄蓉的过程就是在寻找他的家国大义，尤其是最后的立意，何为英雄。演员都不错，黄蓉不如华筝出彩，很喜欢华筝这个飒爽的草原女子，颠覆了以前对华筝的印象，大汗的女儿就应该是这样,2025-01-31 20:51:46,205
4464833997,射雕英雄传：侠之大者,2025,Tilda Li,3,还是挺徐克的啊，只是人们不太吃这一套了现在。,2025-02-28 22:50:53,7
4450664211,射雕英雄传：侠之大者,2025,白云在青天,1,剧本不是烂是恶心，内核坏透了，就不用谈其他了。如果可以给零分，那么此片就是壹分。,2025-02-16 11:43:45,227
4504868156,射雕英雄传：侠之大者,2025,Vanilla_韩凯旋,2,什么鬼剪辑……,2025-04-12 14:10:36,20
4449782965,射雕英雄传：侠之大者,2025,edie,0,这个春节看了两遍……爱是恒久忍耐。我的结论：不如诛仙,2025-02-15 18:44:31,7
4508040665,射雕英雄传：侠之大者,2025,小年左,2,黄蓉看起来慢半拍、郭靖长得又太过机灵，最基础的贴脸也做不到，音乐铺太满了简直，看得出主创有多心虚。,2025-04-15 22:37:49,17
4508833870,射雕英雄传：侠之大者,2025,夏季的天空,3,我来自北宋神开局、骑兵弓大破具装骑兵、一见钟情不惧雷劈、指环王东土分舵大轰趴、中原懂王靖哥哥、一本绝学闯江湖、水源奇毒吨吨吨、奇异博士军体拳惊艳演武场、二十年陈酿血披风齁不齁、武穆遗书之大家来找茬 、二女争夫情意绵绵、母爱如水实力自尽、桃花酒焖鸡人间指南、雷电法王特斯拉、争相目睹萌菇人、神奇男侠欧阳锋、两军阵前传播福音感动天地......续集大概率会是《南宋崛起之复仇者联盟》吧。这哪里是“辣眼睛”，这分明是往灵魂里头狂灌了200斤花椒+500斤二锅头。这部片子的目标群体应该是00后粉丝众+漫威/DC爱好者。震惊百里，隔山打牛，拳打死侍，脚踢美队，手撕黑豹；漫威，我可以打100个！华娱版的超级英雄就问你看了爽不爽！天地间充满了快活的空气。沙雕侠，怔能量，好欢愉，好亢奋！,2025-04-16 23:13:09,3
4427239935,射雕英雄传：侠之大者,2025,hangain,4,这片的镜头美学绝了，在影院看简直就是享受。飞驰而过的马蹄声，高亢清脆的雕鸣，气势雄浑！,2025-01-29 18:08:16,6155
4428284779,射雕英雄传：侠之大者,2025,朝阳区妻夫木聪,0,还得是徐老怪，借金庸先生的名拍了一部反战电影，兼具民族性和当代性，同样不乏天马行空的想象力。郭靖的身份焦虑和家国忧患意识实现了某种主题上的统一，也给“侠义”精神增添了新的注脚。几场打斗戏份还是蛮过瘾的，这年头还能这么拍武侠片的估计也难找出第二个了。,2025-01-30 10:50:14,1251
4428166766,射雕英雄传：侠之大者,2025,芦哲峰,3,跟隔壁封神撞题材了，都是动作全靠特效的爱情片。黄蓉的智谋完全没体现出来，华筝倒是不错，若是没看过原著只看了这部三角爱情电影的话，恐怕爱华筝的人要多过爱黄蓉的。回顾武侠电影发展，最开始是九分动作加一分特效，后来是五分动作加五分特效，再往后是三分动作加七分特效，到如今是没有动作，全是特效。如此看来，没落实属必然。,2025-01-30 08:39:56,1104
4430170629,射雕英雄传：侠之大者,2025,daangel,3,靠近原著的部分还行，结尾就属于乱炖。,2025-01-31 16:50:42,248
4431122123,射雕英雄传：侠之大者,2025,Quester,4,还是徐老怪的味道醇正，这片子超出预期。首要亮点便是血肉丰满的华筝，这个公主让人喜欢~难得的细节改编，将原本爹味较重的二女争夫戏脱离了封建枷锁，有了独立女性觉醒的意味。较多的战争场景，还原了原著的时代背景，也补缺了旧版电视剧所欠缺的历史洪流家国命运裹挟的厚重感，徐老怪是懂得兴趣点的。思念，像暴风雨中划破黑暗的闪电，将相爱的人连在一起~这几乎是现代诗一般的表达，大赞👍🏻。当然梗也是很多的: 当年的黄老邪变成了欧阳锋，乔峰成了洪七公，臣妾做不到回中原啊~三叶的风车像三角关系般旋转~ 只可惜局部剪得有些紧，对完全不熟悉故事的人可能不太友好。再就是武打特效略单一了，降龙十八掌画火圈，蛤蟆功画黑气圈，这都是好莱坞学来的吗？,2025-02-01 04:16:42,1680
4408811051,射雕英雄传：侠之大者,2025,酱桑,4,不差，且有过硬的地方。所期盼的徐克武侠风依旧得到了某种延续。草原那段的调度的疯狂程度就很徐老怪。对金庸经典武侠的改编，不同以往拍全部和说太长，本片只拍局部，延续了“侠之大者，为国为民”的核心主题。情节人物以及剧情的合理塑造因为电影片长而得不到极大的释放，但也得到了角色取舍，但得到了一部电影需要连贯完整的故事脉络线索。最印象深刻的应该是几场大战，你要的徐克，你要的江湖，都会有的。,2025-01-29 22:44:41,951
4506897326,射雕英雄传：侠之大者,2025,木偶,1,这部侠之大者，拍的既无国也无家，简直就是抽象文案拼凑的PPT。,2025-04-14 14:26:33,39
4570120616,射雕英雄传：侠之大者,2025,一壶好酒配热粥,2,以往徐克对于金庸武侠的魔改多是截取小说其中华彩篇章或是焦虑某个事件，弱化了原著主线叙事，赋予古典角色更贴近现代观众情感的色彩，然而《侠之大者》却是小说全盘故事的走马观花，郭靖从蒙古草原的童年时光，到江南七怪悉心授艺，再到初遇黄蓉动心，憨小子成长为大侠的铺垫被一笔带过，使得人物动机和性格转变缺乏合理的逻辑支撑，原著里聪明狡猾的黄蓉也彻底沦为争风吃醋的恋爱脑，更别提四绝挑出个西毒当反派外，全当了工具人。徐老怪赖以成名的武侠美学颠覆这次演化成了隔空对波，诠释了啥叫新式玄幻武侠～《神雕侠侣》里才推进到的襄阳攻城取代了华山论剑，结果大战就是郭靖万军从中开无双。相比《侠之大者》，《再见爱人》当片名会更合适。,2025-06-28 22:45:08,14
4428498938,射雕英雄传：侠之大者,2025,HENRICIS,5,庄达菲演的黄蓉英气又不失聪明伶俐，那眼神一转，鬼点子就来了，她跟肖战演的郭靖配合，磕翻武侠世界了家人们。,2025-01-30 14:13:15,2360
4427813979,射雕英雄传：侠之大者,2025,mumudancing,4,贡献了最灵的华筝，和英气的黄蓉。第一次get到靖蓉「乱世知己」爱情线……欸我看哭了,2025-01-29 23:31:36,1016
4504406602,射雕英雄传：侠之大者,2025,草威,2,咱郭靖虽然傻，但也不至于从头到尾一个表情吧,2025-04-11 23:01:48,25
4594158913,射雕英雄传：侠之大者,2025,暗夜精灵,1,成片奇差，徐克至少得分九成锅。,2025-07-24 21:54:28,15
4540568160,射雕英雄传：侠之大者,2025,云图,1,黄蓉要从书里跳出来打狗棒呼死人！！！除了翁美玲和朱茵，世上再无黄蓉,2025-05-25 13:18:34,18
4428326292,射雕英雄传：侠之大者,2025,守望电影,4,作为徐克导演的新作，不负众望，以恢宏的战争场面、精致的武侠打斗和深厚的家国情怀，带来了纯正的武侠盛宴。影片延续“侠之大者，为国为民”的精神内核，既展现了郭靖的成长，也刻画了黄蓉、华筝等角色的情感纠葛，使人物更加立体鲜活。 视觉上，影片实景拍摄，草原辽阔、战场气势磅礴，武打场面流畅富有层次，兼具力量感与美感，展现了徐克独特的武侠风格。音乐与配乐恰到好处，营造出极强的沉浸感。郭靖不再是传统意义上“傻人有傻福”的形象，而是兼具忠肝义胆与成长弧光的大侠。黄蓉的机智灵动、华筝的热烈真挚，以及欧阳锋等反派角色的塑造都极具层次，令人印象深刻。 影片不仅仅是一部武侠片，更是蕴含家国大义的史诗巨作。它让人们重新感受到武侠精神的魅力，也在当下时代传递了对和平、正义和民族情感的深刻思考。,2025-01-30 11:29:44,1102
4427541623,射雕英雄传：侠之大者,2025,都市丽人舒绣文,5,金庸武侠、徐克、肖战，这buff叠满了，电影怎么可能不好看！,2025-01-29 21:13:23,6845
3807229737,射雕英雄传：侠之大者,2025,巴喆,3,开头自白郭靖居然说“北宋末年、南宋”我就黑人问号脸了。肖战和庄达菲表现尚可，作为偶像派他们尽力了，若批本片徐克难辞其咎。由于大幅度缩减情节，过场就跟PPT流水账一样，反倒那些感情戏显得特拖沓，所谓侠之大者也是ZZ正确——郭靖从来保的是宋民而不是宋廷。置景服化道不错，蒙语和蒙古人演员好评，质感挺还原蒙古部落的，大远景的战争场面可惜也是假棚特效。武功主要是CG气功波超级英雄大法，这哪是武侠分明是玄幻（而且彼时西毒怎么可能打不过郭靖？后面单冲蒙古大军对A郭靖开风火轮这就更扯了）。剧本改编、美术风格、人物角色、特效全方面的平庸。这么说吧，也就国内顶级网大水准，作为徐老怪老粉这次我实在难恭维。5.7,2025-04-11 22:39:57,4
4603842126,射雕英雄传：侠之大者,2025,爱在午夜降临前,3,流水账。,2025-08-03 08:58:14,1
4428910300,射雕英雄传：侠之大者,2025,风吹耳朵,4,不敢说多好看，但请你一定要看。,2025-04-21 12:57:26,7
4354162078,射雕英雄传：侠之大者,2025,小山chow,3,梁家辉说的很对，他饰演欧阳锋完全是因为戏份比较多，电影中北丐、南帝都只是跑龙套，而东邪则是连背影都没摸到。电影总体没有达到预期，但战争场面足够恢宏，郭靖守卫南宋城门，体现了侠之大者要义。但电影里看不到徐克最擅长的拳拳到肉、一招一式的“武”，武打场面太少且都是特效堆积，而肖战毕竟不是“练家子”，他的动作略显僵硬，远没有习武的演员飘逸灵动；黄蓉的饰演者庄达菲虽不漂亮，但她蒙脸在蒙古营的时候确实是最惊艳的时刻。表现最好的演员是成吉思汗的饰演者巴雅尔图（曾一度以为是梁家仁，这两个演员真是太像了），这才是拥有一代天骄的气魄，同样可谓之“大者”！,2025-01-29 12:15:27,91
4431885522,射雕英雄传：侠之大者,2025,等一个人,1,一时间竟分不清跟王晶的25版笑傲江湖哪个更好,2025-02-01 19:04:52,1024
4505786487,射雕英雄传：侠之大者,2025,tankry,2,没有小情也没有大爱，有辱金庸。,2025-04-13 10:50:43,23
4431547863,射雕英雄传：侠之大者,2025,安蓝·怪伯爵𓆝𓆟𓆜,2,没有特效就不会拍武侠了是吧？！这么大制作还得后期配音而且口型全对不上，冲这一点就该暴揍一顿！真的很烦旁白讲故事的手法。故事剪得片儿汤一样，全程bgm轰炸，必须靠主旋律每每出来吊这口气。肖战演郭靖还是差点儿意思……缺乏力道但眼神坚定得像要入党😅黄蓉也少点灵气，华筝倒是还行！和我妈一起看的，她睡了大概三节课吧，出来跟我说这椅子挺舒服就是喇叭太吵……,2025-02-01 14:56:48,703
4505714308,射雕英雄传：侠之大者,2025,弓谷所長,3,很明显，徐克是已经明确了大部分观众是知道射雕英雄传的剧情的，所以在故事叙事上都是一笔带过（你们都知道细节了，我还说那么清楚干嘛？），所以更多都放在了武侠场面、音乐MV上，导致了整部电影，失去了主心骨。,2025-04-13 08:26:30,3
4505905690,射雕英雄传：侠之大者,2025,🌵🌵,1,看完令人困惑，两个多小时讲了啥？前因后果狗屁不通，默认所有观众熟悉原著情节。虽然专挑金庸作品里最无聊的三角恋桥段出来拍，但你就一比一照着把小说最无聊的桥段复刻出来也不至于这么无聊吧。,2025-04-13 13:34:06,56
4458094671,射雕英雄传：侠之大者,2025,浅蓝大肥猫,3,和蛟龙行动一样，都属于拍得很认真、投入很大，但故事讲稀烂。原著中那么多精彩好看的情节，但偏偏选了最深最难讲述的主题去表现，实在是自行上难度。蒙古兵打仗阵法加分，结尾处武穆遗书的阵法大加分。第一次知道肖战是谁，平心而论，演得不错，长得挺帅。但庄达菲实在不适合黄蓉一角，她太垮太现代，小家碧玉，毫无黄蓉江南角色美女武林宗师千金之贵气、之灵气，大减分。,2025-02-22 21:12:31,14
4428777122,射雕英雄传：侠之大者,2025,文森特九六,4,徐克在这样一个本来足够制造假想冲突和精神胜利的典型文本中一反主流价值舆论导向，走上了反战反暴力或者一种“和”的立场，哪怕在这个春节档里同几位对手相比作为非系列非续集非外传的本片也因这一立场而更加特别，将“武侠”的“武”去除，反暴力作为武侠题材的一峰思想高度，将之在今日提炼放大的徐克的确可谓“侠之大者”，流量也并未太过拖累观感，毕竟这或许是徐克十年来情感能量最为充沛壮阔的一部，的确被深深感染打动，事实上比起流水账的叙事和演技的局限，个人更失望之处反而在于徐克痴迷的特效奇观，CG让实现一切成为可能，某种程度上却削弱了想象和调度的活力与积极性，这或是徐克诸多依赖特效的作品中透视感最差的一部，对追求动画式肆意演出与真人造型感表演相结合的影像风格的徐克来说，如何确立非3D制式的影像立体感成为新的挑战。,2025-01-30 17:48:22,841
4504827948,射雕英雄传：侠之大者,2025,Rex,1,开篇十五分钟跳脱割裂的剧情、尴尬的感情推进以及生硬的台词就让人如坐针毡，纯属烂片，十五分钟弃,2025-04-12 13:18:07,48
4531490333,射雕英雄传：侠之大者,2025,某骑士的鬼魂,1,老年徐克已经不想拍江湖侠客了，只有家国天下才配的上他的雄心壮志，钱都砸在毁氛围的群演身上，对阵冲锋战场厮杀拍到多看几眼就要睡着的地步。动作设计成全靠威亚摆动作放光波，2025年了，超英影视剧满天飞的年代观众早就腻了特效奇观，还用特效做卖点？妙笔书生朱聪那尴尬到扣地的表演是你徐克的手笔？最后郭靖张开双臂拦蒙古军还讲着幼稚可笑的苍白台词真是浪费观众生命。唯一的看点，华筝黄蓉选角还行,2025-05-14 13:55:43,25
4520257197,射雕英雄传：侠之大者,2025,莱尼圆,2,整部电影充斥诡异的观感。特效投入巨大，但战争场景的棚拍痕迹明显，呈现出来的质量严重失真，仿佛架空了时代。郭靖与欧阳锋的决战沦为美漫式隔空气波对轰，完全背离了武侠片拳拳到肉的美学根基。战场上郭靖与黄蓉在尸横遍野中烤鸡谈情，结尾欧阳锋莫名进攻成吉思汗被射杀，郭靖以嘴炮成功劝退成吉思汗，都让人瞠目结舌。两个主演的演技十分差劲。唯一有些趣味的是华筝的戏份。,2025-05-01 00:30:39,11
4504099917,射雕英雄传：侠之大者,2025,王韧勉,2,女主太丑，剧情实在难看…,2025-04-11 16:34:58,17
4437213762,射雕英雄传：侠之大者,2025,姜乌归,3,初三看补标。开头结尾不适，中段长时沉浸，影像之纵向铺展、闪回之丝滑流畅、三角关系之多重联想（郭靖黄蓉日式纯爱奔赴/华筝黄蓉情感模式急变/华筝郭靖符号生发血肉）……一部瑕疵遍布但气质出众的「作品」// 250221大银幕重看，3 →3.5,2025-02-05 01:21:30,37
4512016914,射雕英雄传：侠之大者,2025,Foriverwx,1,好差的开场，看不出是徐克拍的；shi一样的台词，shi一样的拍法，选角太离谱了，这是来毁黄蓉这个角色的吧；徐克花了一点点心思拍了华筝的出场，虽然也只是一点点，但至少花了心思，可黄蓉的出场倒是弄成一坨shi，不理解；难看！难看！难看！徐克得给金庸磕一个道歉，然后回家吧真的。尝试做的解构、改编、融合当代等都是失败的，拍得真的很差！；金庸武侠真的是很好的素材库，艺术片或商业类型片其实哪个方向都可以从中取材而做得精彩的，但现在做的真的是shi，别说什么工业和特效了，也是shi；,2025-04-20 20:20:16,78
4426879312,射雕英雄传：侠之大者,2025,行走在孤独星球,1,什么玩意？,2025-01-29 13:25:13,4704
4427312432,射雕英雄传：侠之大者,2025,char,4,靖哥哥一言止杀,2025-01-29 18:55:49,219
4443449316,射雕英雄传：侠之大者,2025,mr.left,3,恭喜徐克终于拍出了他心目中的中国队长，唯一不卖座的理由只可能是这个中国队长虽然“洋装穿在身”但却是个鸽派，不符合目前主流流行的“战狼式叙事”（徐克你好歹也是拍过长津湖的人连这都还没顿悟出来吗） 郭靖不像郭靖，黄蓉不像黄蓉，一灯大师段落甚至能看出来徐克是真的很想拍神雕侠侣，对于国仇家恨和不同族裔的身份认同的拉扯描述不够让郭靖看起来真的很白眼狼。所幸华筝很华筝，唯一还有1.0版本徐克遗风的欧阳锋保留了最后一点作者笔触，尽管为了天下第一走火入魔很老土就是了。 P.S. 这么直白的大笔触描写蒙古人的英勇善战不是523一直梦寐以求的吗，徐克这次怎么把人饭碗给抢了🤣,2025-02-09 22:42:50,9
4442167978,射雕英雄传：侠之大者,2025,边走边看,3,冲着肖战去看的，结果扮相让我比较失望，情节也让我不是很看的懂，全程都要小声问隔壁的先生，请他帮我做一些背景知识的科普，为什么会这样演？前后剧情好像没什么关系…… 电影看完后回家恶补83版射雕，致敬金庸老先生。,2025-02-08 23:00:40,11
4436020396,射雕英雄传：侠之大者,2025,souvent,2,5/10。既没有战争，也没有江湖。,2025-02-04 11:30:39,173
4512877487,射雕英雄传：侠之大者,2025,阵雨,2,武侠不是武侠，超级英雄不是超级英雄，混账！,2025-04-21 21:12:14,19
4353848460,射雕英雄传：侠之大者,2025,Hannah,1,拍得什么啊这是？？？一星给肖战，挺适合这种扮相的，其实肖战也有点贴郭靖，都有种娇憨感，但黄蓉在里面太中性了，倒也算某种意义上的女A男O……,2025-04-11 21:17:19,22
4435008543,射雕英雄传：侠之大者,2025,八千里路云和月,5,侠之大者，为国为民，家国情怀，永远荡气回肠！！值得n刷！！,2025-02-03 20:07:40,247
4427090195,射雕英雄传：侠之大者,2025,NJ安可,5,小时候看射雕就看一个江湖惊奇和英雄美人，看不懂背后的国仇家恨，现在看徐克的侠之大者，才明白郭靖到底为什么这么让人崇拜，当真是大英雄。,2025-01-29 16:24:12,7372
4430408288,射雕英雄传：侠之大者,2025,Page_Chen,2,电影的意义就是立住了华筝,2025-01-31 19:41:13,384
4447422140,射雕英雄传：侠之大者,2025,张劳动,2,节奏节奏不对，角色角色不对，结构混乱，乏善可陈的电影如何让观众看的下去呢？,2025-02-13 16:14:32,48
4430547554,射雕英雄传：侠之大者,2025,安托万的黑眼睛,3,基本和武侠没关系，基本和金庸射雕没啥关系，和攻城打仗没啥关系，勉强是个古装，郭靖不憨憨，黄蓉不精怪，什么都想交代，什么都没讲好。徐克没有被裹挟么？三颗星给大荧幕的铁血丹心旋律。,2025-01-31 21:06:37,52
4590595751,射雕英雄传：侠之大者,2025,身是客,3,冲着肖战去看，发现华诤公主挺灵。黄蓉就没有一点点俏的味道。徐克老矣，确实不能饭否，武打就跟魔法＋仙术＋炸弹一样儿戏。感情戏也交待得匆忙凌乱。最雷人的是造型，洪七公为毛是梦奇的熊猫皮肤？而西毒是甘道夫？最后，肖战还是不要放弃美貌吧，糙汉赛道有点暴殄天物。,2025-07-20 23:50:47,3
4591538513,射雕英雄传：侠之大者,2025,cocojamboo,2,布拉格回来的阿航上看了一下，完全看不下去,2025-07-21 23:59:37,7
4432155792,射雕英雄传：侠之大者,2025,靳以斯,0,第二部选了射雕，初一就去看了，票价相对来说比较便宜。看完只有一个感觉：怀疑徐克被绑架了，bug太多了，甚至没个主线零零散散，郭靖找黄蓉盖过了最后的保卫战，连电影名都是硬凑上去的。 以及蒙古语真的太多了，很没必要吧；全程的BGM，几乎没停下来过，真的有必要吗？不敢相信这是徐克的作品，我还是怀疑他被绑架了…… 看完只觉得梁家辉太不容易了，整个感觉像欺负老年人！ 肖战这两年接的剧本都感觉被资方绑架，也许他和徐克俩人都被绑了……,2025-02-01 21:44:30,31
4507889068,射雕英雄传：侠之大者,2025,muzilang,2,镜头整体的美感还可以，但是黄蓉的选角我实在看不懂！整个电影还不如换个名字，其实，就是披着金庸武侠世界外衣的另一个故事！,2025-04-15 19:34:26,9
4429918308,射雕英雄传：侠之大者,2025,薇啸,3,大年初一看的第一部春节档电影。怀着对徐克与是施南生联手拍金庸故事的期待。结果还是挺失望的，没有看到多少“侠”的含金量。全片最清新可人的当属华筝公主了。,2025-01-31 13:20:43,66
4426825312,射雕英雄传：侠之大者,2025,石头摇篮,4,还好还好，虽然科技和狠活猛了点。还真的是很过年，看到了现实中不准燃放的巨多烟花。不止，郭靖和欧阳锋蒙汉阵前对打那段，好几个风火轮加持。有一个很长的序曲，非常唯美，掐尖儿，不落地。心想，完蛋了，这是个啥。进入正片以后，还好，选了小说最后最具戏剧张力、最高潮的几章（这样看来，总体还是在掐尖儿）。故事主线从江南七怪中五人在桃花岛离奇死亡，郭靖黄蓉闹掰开始，大量草原戏份，大量蒙古军营内。江湖不够，侠义不足，家国情怀、民族大义、儿女情长过多，磨叽起来是真磨叽，提速起来是着急。肖战呆了一点，梁家辉靠硬认，庄亦菲还不错，虽然笑眼深情有点过度，张文昕相当出彩。,2025-01-29 12:36:52,1780
4376449336,射雕英雄传：侠之大者,2025,世界尽头,4,古语说“美丽的公主是华筝，傻郭靖娶黄蓉”，华筝最高。顺带筝蓉。 就算是郭大侠，过年回家也要表演节目。 西毒老怪一骑当千，天下第一。蒙古大军原来都是观众席。成吉思汗还能弯弓射西毒。 片尾拍出了武穆遗书，好喜欢，好评，很徐克。 江湖一点，战争一点，儿女情长一点。 可能想拍史诗感，但不得不拼拼凑凑，只得中规中矩。,2025-01-29 11:47:27,644
4439589270,射雕英雄传：侠之大者,2025,UglyBerry,2,人年纪大了好好退休，不要天天刷解说号后，再返聘出来干活…,2025-02-06 21:46:14,241
4504637456,射雕英雄传：侠之大者,2025,付玲,1,救命！,2025-04-12 07:43:39,29
4435039291,射雕英雄传：侠之大者,2025,寂寞的六一,4,黑粉太多，路人来中和一下😂 不吹不黑，战争场面真很可以，IMAX值得，就是场次太少了,2025-02-03 20:22:02,177
4429579040,射雕英雄传：侠之大者,2025,momo,3,郭黄二人造型气质并没有让我失望。 黄蓉清清爽爽，华筝果断利落。我不觉得俏黄蓉就非要娇俏卖萌、华筝单恋就非得可怜巴巴。这种呈现方式我很满意。 结尾郭靖欧阳锋大战离谱得像印度动作片，给我乐坏了。 订票显示后三排满座，结果现场就来四个人。。。,2025-01-31 02:41:24,58
4437742590,射雕英雄传：侠之大者,2025,Tyger Tyger,2,给人感觉是给投资方看的一个精修版PPT，抛出了不少吸引眼球的看点并反复强化，今年春节档片子普遍时长超标，而只有看《射雕》的时候我频繁在看表。作为叙事作品，全作没有建立起真正的历时性维度，观众原本想见证一位英雄的长成，结果看到的是已被盖章验收的合格件一号人物在政治正确。,2025-02-05 14:59:36,94
4428020954,射雕英雄传：侠之大者,2025,渡口无边,4,徐克以凌厉刀锋劈开金庸宇宙的旧章，在《射雕》中浇筑出暗黑武侠的液态金属美学。高速剪辑的降龙十八掌撕裂传统武侠片的皮相，CG水墨晕染的江湖不再是快意恩仇的童话，而是权力齿轮碾轧人性的修罗场。黄药师的笛声裹挟赛博朋克电音，桃花岛幻作意识流迷宫，郭靖的钝朴被解构成存在主义困局——这绝非简单的武侠新编，而是徐老怪用分镜笔解剖武侠基因的狂想实验。当西毒化作量子态幽灵游走于多重时空，我们终于看清：这部“射雕”实则是徐克用武侠密码书写的后人类启示录。,2025-01-30 01:40:44,639
4505307988,射雕英雄传：侠之大者,2025,绯红少年,1,这部电影最大的意义就是给豆瓣影评人完成每年吹一部国产电影的指标，他们误以为本片具有真正的气，可是当十多小时的叙事时长被删减、篡改到两小时供没耐心的大众茶余饭后观看时，它便早已丧失了真正的气。评论者或者电影制作人丧失了对局部细节的观摩，而沉沦到配乐、蒙太奇泛滥的情绪漩涡中，不断地闪回试图用极少的时间拙劣地补充删去的情节，如短视频解说电影一样给观众提供一剂廉价的猛药。它是无比空洞的，没有任何金庸作品的优点（十分卑鄙地剽窃了金庸的人物设定），也完全不似《梁祝》那般拥有充沛的情感铺垫和令人落泪的闪回，它只是一部伟大的金庸作品的一角，一直在被世人误解、曲解、剥削，却从来不被人好好的理解。,2025-04-12 21:34:33,48
4439916442,射雕英雄传：侠之大者,2025,脱陀妥浮伺机,3,1. 郭靖在中原武林崭露头角前，已经是射雕英雄，身上有草原性。他在草原在中原，在朝堂在江湖，都是边缘人士。长久的边缘经验让他能够体察那些被无视的人的需求。也是这一点让他最终成长为侠之大者，而不是因为不忘父志、心怀故国。 2. 原著里郭靖守城，对抗蒙古十万大军，就在同时，他也骂宋廷官僚虐民误国。蒙古铁蹄伤害宋人，宋廷的腐朽无能、草菅人命也伤害宋人。侠之大者，是在石头和鸡蛋之间选边，不是在宋和蒙古之间选边。 3. 剧本没能围绕侠之大者的题眼，把故事讲圆。（所以才有人问，为什么欧阳锋一人替宋军迎战蒙古大军不是真大侠。）但电影将草原性作为一种正面价值来描绘（对华筝改编之成功也在于此），这是这部电影最重要的成就。 4.肖战和庄达菲是胜任角色的，只是剧本太多崩坏。,2025-02-07 01:51:59,12
3712946456,射雕英雄传：侠之大者,2025,24Frames📷,2,这片子其实就是网大水平，射雕整本书的体量都塞到两小时电影了，显得不知所云，啰里啰嗦的，都不明白这电影真正想表达什么，对于了解射雕的人来说却非常拖沓，守城只有后面十几分钟，片名应该叫射雕之爱恨情仇，毕竟影片一大半找黄蓉。,2025-01-31 07:26:26,1409
3779678706,射雕英雄传：侠之大者,2025,keep251,5,射雕英雄传侠之大者已经看完了，超级好看，节奏快画面宏大，有江湖有战场有浪漫有情怀有侠义，特别适合全家老小一起看。,2025-01-29 13:26:38,10393
4439077978,射雕英雄传：侠之大者,2025,啵哥屁,5,从小看金庸古龙梁羽生，90年代的武侠片让我知道了什么是侠义精神，英雄主义，新版射雕的主创团队通过这个全新的故事也很好诠释了“侠之大者，为国为民”， 珍爱和平，远离战争！,2025-02-06 14:50:28,119
4427837819,射雕英雄传：侠之大者,2025,霾桑 等108个人,4,情感浓度蛮高的一部电影（原著小说情感浓度就挺高的）。李萍郭靖母子、华筝黄蓉、郭靖黄蓉情感表现都不错。对华筝这个角色的处理，或者说对郭靖、黄蓉、华筝三个人关系的处理方式，比原著小说要好上100倍。最大的槽点是结尾郭靖对铁木真的陈词里加的那句“这才是侠之大者”——小说里这个概念是郭靖对杨过说的，他们江湖人会care侠之大小，但铁木真没有理由在意这个。“侠者”这个概念，郭靖可以对杨过说教，对铁木真说不着——铁木真在意的还是“英雄”该如何界定和评比。,2025-01-29 23:44:44,1246
3866385018,射雕英雄传：侠之大者,2025,居无间,4,徐克玩太嗨了。从武侠片纬度考量，别开生面之处主要有两点，一是动作场面，兵器打斗有设计感（打狗棍），整体上用“气波”来展现武林绝技（九阴真经、蛤蟆功、降龙十八掌），气势磅礴；二是从惯有的江湖想象迈向了战争忧虑，结尾的九阴真经决斗拥有港片那种“去到尽”的架势，有漫画式的丰富和气象。反战的价值观输出拔高了影片的立意，如果对应当下气氛，让人心生敬意。,2025-01-29 22:36:09,754
4208500361,射雕英雄传：侠之大者,2025,基努里维斯基,2,钱确实花了，特效确实用了。但与其说是武侠不如说是魔法。情怀全靠那个插曲。情节全是流水账，堪称短剧合集。把内心戏说出来的操作非常低级。最大的问题是编剧，如果能主次分明，真正选一些视角和观点去讲，观感会好很多。,2025-04-13 18:52:52,12
4435171956,射雕英雄传：侠之大者,2025,蓉蓉,5,感受到了80后武侠梦 特别喜欢郭靖,2025-02-03 21:19:33,175
4506867176,射雕英雄传：侠之大者,2025,卡尔·霍克利,1,青春可爱的庄达菲饰演黄蓉居然变成了村姑，毁我白月光的形象,2025-04-14 13:38:58,22
4427466580,射雕英雄传：侠之大者,2025,玉木大河,2,应该叫《射雕英雄传：苍茫的天涯是我的爱》。徐克好像没拿到《射雕》原著全稿，而且还有一些乱码和飞页，就拼凑出了一个并不完整的故事强行拍了起来。说是“侠之大者”，但故事却以郭靖黄蓉分别后的互相寻觅处展开，后期加入华筝成为三角关系。情感描述占大多数，文戏中有很多大背景的叙述，但是始终跟主线关联不大，中间还各种展现蒙古的风光和军事实力展示，时不时出现草原全景让人觉得十分适合下一秒就植入一个牧场纯天然牛奶广告。郭靖开场就已经学会绝世神功了，所以都是展示，没有什么困境，所以也很难讲什么人物弧光，最后的大决斗也都是魔法攻击，不具有什么武打设计的可看性，更像看超英电影。结尾强行升华得莫名其妙。徐克要不你看看《沙丘》试着抄抄呢。,2025-01-29 20:31:14,1564
4432919194,射雕英雄传：侠之大者,2025,逍遥隐月,1,看得我一脸懵逼，金庸要是还活着能一套降龙十八掌劈死你们,2025-02-02 12:19:03,1121
4392353099,射雕英雄传：侠之大者,2025,程小挑,3,怎么也算是大片,2025-04-24 21:12:26,2
4508437869,射雕英雄传：侠之大者,2025,宝宝金水,1,前半个小时就跟看剧情大纲一样，各种主角旁白+剧情快进。主角没有cp感。抗击蒙古人靠西毒欧阳锋，结果还被郭靖打退了，看的我一脸黑人问号。然后问郭靖你怎么抗击蒙古人，你就是和黄蓉手拉手挡在蒙古大军前面？成吉思汗是要一统天下，郭靖你和他讲侠之大者是不是鸡同鸭讲。槽多无口,2025-04-16 13:48:37,27
4588200119,射雕英雄传：侠之大者,2025,人形大叔正太心,3,话说洪七公为什么满头包,2025-07-18 21:25:34,1
4440576487,射雕英雄传：侠之大者,2025,伟大,5,故事情節很好，影片立意很高，支持中国武俠電影。徐导演优秀,2025-02-07 18:42:29,93
4605766696,射雕英雄传：侠之大者,2025,瑾羲Qing,1,不是，徐克你这次的发挥真是犹如练了假的九阴真经的西毒。这是在整什么花里胡哨又塑料感十足的PPT啊。。实拍整的像廉价CG也是厉害。演员真的是这个片里的长板了，但是徐克你为什么执着让蔡少芬演李萍，让北方姑娘演黄蓉？歪？最后的攻城战是在干嘛？最后的护城又是在干嘛？尬的抠出南宋地图了要。最后真是命题作文强行点题。。,2025-08-04 23:32:05,12
4427630488,射雕英雄传：侠之大者,2025,叶飞Phoenix,5,一开场就用徐克擅长的旷野、大漠、草原、和冷兵器战争场面，还原了古早武侠片的苍凉风格。大场面调度驾轻就熟，英雄史诗感塑造得十足。用掐头去尾的叙事方式，把大量篇幅留给了郭蓉恋，很契合贺岁档。卡司的选择上打破了以往金庸武侠片的颜值风格范式，郭靖美型，黄蓉英气，华筝飒爽，服化道各显华彩，也是别有一番风味。彩蛋还揭秘了《武穆遗书》的兵法阵列，让人意犹未尽。,2025-01-29 21:59:19,7788
4416581425,射雕英雄传：侠之大者,2025,卡卡,1,槽点多到已经不知道从哪里开始说了，很多短视频吐槽比电影本身还精彩，在这里我要向大年初一的两部金庸网剧道歉，这部才是烂之大者。,2025-06-14 16:51:54,28
4527386819,射雕英雄传：侠之大者,2025,2j的花果山,1,一定是我的问题，是我期待过高了。,2025-05-09 14:26:14,28
4426805078,射雕英雄传：侠之大者,2025,蔡粘粘,5,徐克真的很会，选择矛盾最突出的章节进行改编，让整个电影的文本上有一种浓郁的厚重的层次感。宋蒙大战在即，恶敌突然出现，更是一场酣畅淋漓的大战。一面代表江湖，一面代表家国，两场对战设计得很巧妙,2025-01-29 12:19:49,13109
4607980950,射雕英雄传：侠之大者,2025,雪夜电影,2,两个主角的演技令人发笑,2025-08-07 11:09:00,8
4504088722,射雕英雄传：侠之大者,2025,kkkvicky,2,妈呀，看了那么多版射雕，头回看这么义正言辞念台词的郭靖啊，这是靖哥哥吗？男女主念台词像是人机，这么多旁白你找个背景音老师念也行啊，广播剧都没这么干巴。前面的PPT真的太违和了。徐老怪真的是晚节不保。看完都想去重新刷一遍旧版洗洗眼。,2025-04-11 16:16:26,23
4431387693,射雕英雄传：侠之大者,2025,红小生,3,多少是有点消耗情结的电影，把金庸先生的宏篇强行塞进到两个多小时的电影里，十多分钟预告片式的快进速度匆匆前情提要，再把射雕活活拍成了超英电影。徐克擅长的打斗场面可见一斑，肖战和庄达菲是彻底丢失了郭靖的憨劲和黄蓉的灵性，改编的剧情比较失败。反倒是新人张文昕的华筝让人眼前一亮，与男女主角的对戏下演技竟高下立判，空有好皮囊远不如对角色的钻研领悟来得有用。,2025-02-01 12:38:23,19
4439489873,射雕英雄传：侠之大者,2025,littletwo,2,故事稀碎，表演毫无生气，不敢相信这是徐克的电影。,2025-02-06 20:41:05,97
4506170501,射雕英雄传：侠之大者,2025,くノ一,2,女主笑起来有点像milet，很可爱呀。啊对了，雕呢？侠呢？好像还得有个大者？,2025-04-13 18:48:23,11
4504936901,射雕英雄传：侠之大者,2025,海客谈瀛洲,1,这也tui差了……全员嘴型都对不上，国语配音外语片吗？,2025-04-12 15:33:20,9
4509544226,射雕英雄传：侠之大者,2025,汾河水怪,2,武侠片拍成仙侠神怪片了，女主无论是演技还是台词都非常差，女二比她好太多。节选了郭靖黄蓉分离到复合的一段，前面的故事铺垫只用旁白带过，如果对射雕故事不熟的人来说，感情线就莫名其妙，到后面侠之大者的升华也很强行。,2025-04-17 22:51:31,25
4427707806,射雕英雄传：侠之大者,2025,国王KING,4,徐克凭借其独特的视效风格和叙事技巧，将传统武侠与现代特效完美融合，各种大场面都展现出极强的视觉冲击力。武打设计上，慢动作与快剪的融合，让各种经典招式的设计充满惊喜。或许，这正是徐克眼中的金庸江湖世界，光怪陆离但又妙趣横生。,2025-01-29 22:37:03,1287
4505941295,射雕英雄传：侠之大者,2025,地铁里的季风,3,九阴真经放烟火，两个高手对阵皮都没挨着也太过了。| 黄蓉郭靖选角也就算了，洪七公这丐帮一脸肥肉是怎么回事 | 改编自金庸《射雕英雄传》第34至40章,2025-04-13 14:19:46,5
4508062777,射雕英雄传：侠之大者,2025,猫小珥,1,好像看了个某音一分钟解说射雕的短视频~啥玩意啊！,2025-04-15 23:02:10,46
4424492759,射雕英雄传：侠之大者,2025,戎州岛夷,3,射雕这种长篇故事只适合拍成剧集吧？特效是整的很酷炫，但是总感觉剧情有点扯，和小时候看的版本不一样。突然想到金庸为啥把射雕这个寓意比赋到草原英雄身上，莫非是受到沁园春雪的影响？,2025-10-04 01:14:01,1
4564678417,射雕英雄传：侠之大者,2025,刘晨辉,5,降龙十八掌大战蛤蟆功，想学吗，教你啊,2025-06-22 11:24:56,7
4435150095,射雕英雄传：侠之大者,2025,竹海苡,5,徐克导演说这“震人肺腑的侠气，让人心动难忘的浪漫情意”，终于看到了，完全完全超出我的预期，武打的场面看的太爽了，家国情怀，侠骨柔情，我都看到了，那个曾经的武侠电影回来了。尤其要说那个特效，与电影完美融合，看不出丝毫破绽，太绝了。还有就是要是现场把黄蓉的美食摆上点就好了，看馋了。郭靖演的好棒，独属于我们这一代的郭靖终于出现了，真好，真好啊,2025-02-03 21:10:01,160
4427200918,射雕英雄传：侠之大者,2025,隔岸之雨,1,看这种蒙古吹的电影 只觉得大汉民族还是太善良了 为什么不直接扫平蒙古🇲🇳,2025-02-09 14:40:59,71
4427070406,射雕英雄传：侠之大者,2025,咕申克,0,怎么说呢，华筝很可爱,2025-01-29 16:09:33,55
4513183723,射雕英雄传：侠之大者,2025,私房歌,2,徐克版射雕，不知道打算拍几部。蒙古大军是被练了九阴假经走火入魔的射雕第一人欧阳锋打散的，所以谁才是这个侠之大者？,2025-04-22 08:08:47,16
4644346481,射雕英雄传：侠之大者,2025,神户酩人,2,作为商业片，让人感到无趣，这就是失败。,2025-09-18 15:44:41,8
4514967880,射雕英雄传：侠之大者,2025,江声走,1,哈哈,2025-04-24 15:23:14,20
4504938875,射雕英雄传：侠之大者,2025,易,1,看之前以为电影被黑了，看完后觉得冤枉了观众群体，徐可选择了魔改是意料之中的事情，他以前也这样，但是这次魔改没有让剧情更富有戏剧性，而是更儿戏了,2025-04-12 15:35:38,23
4505022295,射雕英雄传：侠之大者,2025,糖果悠唐,2,弹幕上一堆叫好的，是没看过经典吗？这也算好看？ 场面恢宏并不一定是好片。 运镜不懂不评价。 我已经开了2倍速了，还是看不进去。 之前还有点期待，算了，不为难自己了。,2025-04-12 17:04:55,20
4428895053,射雕英雄传：侠之大者,2025,耶加雪菲,4,期待值不高，但出乎意料的好看，电影可以分成两部分，江湖争斗和边关守卫战，前期角色成长戏份多，后期高光戏份多，肖战驾驭住了角色，有些惊喜。,2025-01-30 19:15:05,401
4437369857,射雕英雄传：侠之大者,2025,月宫捣药师,3,影院观影效果觉得还行，散场冷风一吹感觉看了个短视频剪辑。很别扭。,2025-02-05 08:29:31,9
3793926531,射雕英雄传：侠之大者,2025,烟火色,5,个人认为不带偏见的话，至少会给个3分，带有原著或者以前版本的滤镜也值得有两分，我本人带粉丝滤镜并且非常遗憾删减了西征剧情,2025-02-03 23:40:47,107
4504395201,射雕英雄传：侠之大者,2025,二果子,2,武侠变玄幻,2025-04-11 22:51:13,16
4509925155,射雕英雄传：侠之大者,2025,故园遥望,2,真想给一分啊，对不起特别出演的梁家辉；这么熟的故事，生生被拍成了特别乱七八糟又boring的故事（？有吗），香港电影多年养出的武打出色的好名声，也被毁得干净，那动作特效做得还不如不做，“一眼假”也够难达成的，大阵仗那CG真能丑成那样太出乎意料，细想也在情理之中：徐老怪一把抓，各种指导，从动作到造型，都没人能拦一把，真放飞自我、集所有缺点之大成。,2025-04-18 13:43:30,13
4428638147,射雕英雄传：侠之大者,2025,朱叉叉,3,电影评分:77/100 各种还行。就是靠嘴炮让铁木真退兵就有点扯～无所谓啦～大过年的～,2025-01-30 16:09:14,35
4505622791,射雕英雄传：侠之大者,2025,夫名,1,这是徐克拍的？这是拍了《黄飞鸿》、《笑傲江湖》、《刀》、《青蛇》、《梁祝》的徐克拍的？他好像一直挺喜欢特效的，在胶片时代受技术限制只能局部应用，倒也无伤大雅，进入数字时代后，恨不得通篇都是虚拟的，高清摄影机下虚假的树、山、水、花、马、房子、兵器、人群…烘托出人物的表情、对话、情感都假的纤毫毕现，这儿戏的情节和荒唐的对话真让我笑出了声，笑得比看喜剧还大声，这还真不能怪演员，黄蓉的机灵鬼怪，郭靖的憨厚笨拙，你也没给我设计这些桥段我咋演…骂出来舒服多了..,2025-04-13 02:04:31,33
3855593267,射雕英雄传：侠之大者,2025,最幸运的幸运,5,2025.1.29 英嘉国际影城 整体还是值得一看的，华筝的刻画算是一个突破，两位女演员的对手戏很精彩；武打戏很不错。一定记得看彩蛋，那么精彩的武穆遗书的阵法，导演你居然放在彩蛋里面！比起剧版走故事流，电影版更侧重人物刻画，从初出茅庐的少年，历经无数磨难，成为一代受人敬仰的大侠，人物塑造的丰满，也让更多年轻人看看武侠的风采。146分钟把主线剧情交代的明明白白，给没看过原著的人做一个全面科普。2025.2.16 英皇国际影城 IMAX厅,2025-01-29 21:02:38,1208
4435519500,射雕英雄传：侠之大者,2025,深津奈留,1,各方面都应该钉在耻辱柱上程度的晦气,2025-02-03 23:45:54,676
4435163571,射雕英雄传：侠之大者,2025,粥粥,5,看了很多评论说大烂片。我儿时看的第一部港剧就是射雕。看了之后觉得演员都不错啊，剧情有些平，但不致于是烂片，还是可以看看的。,2025-02-03 21:15:52,146
4518986008,射雕英雄传：侠之大者,2025,浮生若梦,1,好久没看过这么难看的电影了，蜀山传的徐克又回来了，看着全剧50%以上对不上台词的口型，还以为在看译制片。这种插叙/倒叙的叙述方式对于从来没看过这个故事的人来说还真有点难理解。,2025-04-29 12:21:54,27
4426911596,射雕英雄传：侠之大者,2025,木石子,5,小时候看射雕英雄传，看的是降龙十八掌、九阴真经、蛤蟆功，向往神功附体，纵横江湖；青年时看射雕，看的是靖蓉之恋，两小无猜、生死相依，仗剑走天涯，佳人永相随；现在看射雕英雄传，对英雄的概念有了不一样的理解。究竟什么是英雄？大汗是英雄吗？开疆拓土的人算英雄吗？郭靖答：真正的英雄不是南征北伐，而是忧国忧民，永怀怜悯之心，那才是真正的侠之大者。,2025-01-29 13:54:01,1844
4718690962,射雕英雄传：侠之大者,2025,顗礼,4,徐克不是一个在乎既定叙事节奏/模式的人，同时他的趣味有很大一部分依托亚文化诞生，对比一下狄仁杰系列是否由陈国富深度参与所导致的巨大差异就能明白，对他来说，“解释”本身夹杂在所有的浪漫、反建制，以及动画片方法论般疯魔的动作狂想之间，并不重要，叙事密度高到完全没意识到这居然是一部将近两个半小时的电影，徐克未必有那么高的反传统自觉性（当然他反主旋律是肯定的），但在客观上冒犯了绝大多数观众的观影习惯，由内而外透这一种作者的“狂妄”（褒义），十分能理解商业上的惨败，但是绝对不会否认其价值，私情胜过大义的天真，变成了反对绝对权力最有利的武器，无论黄蓉与华筝之间的试探与共助，还是黄蓉与郭靖在大雨之中伴随着《铁血丹心》相拥，完全相信所有感情线的烈度（黄蓉与华筝的百合线磕晕了，徐克造CP的能力领先太多版本了）,2025-12-17 21:12:57,7
4512403015,射雕英雄传：侠之大者,2025,十年一觉,1,翔之大者，喂国喂民。,2025-04-21 08:26:04,24
4433319253,射雕英雄传：侠之大者,2025,自由意志,5,老少咸宜，全家人都看的津津有味,2025-02-02 17:38:43,154
4430447462,射雕英雄传：侠之大者,2025,正在,3,谁是中原谁是蒙古，哪里满朝奸佞哪里功成骨枯。醋在，但蘸的是叠画PPT。,2025-01-31 20:05:57,36
4435141497,射雕英雄传：侠之大者,2025,_miu,5,热泪盈眶，武侠+战争，徐克+肖战，终于看到了还原金庸射雕原著里的郭靖形象，“侠之大者，为国为民”，肖战演技大大的惊艳！你可以永远相信徐克的审美，大场面大特效，出神入化的想象力，高超的叙留白，精美的电影艺术镜头感，太赞了！华娱武侠有射雕了不起！作为港台金庸武侠迷今日份好满足！强烈推荐《射雕英雄传：侠之大者》！！已二刷。,2025-02-03 21:06:20,201
4428491468,射雕英雄传：侠之大者,2025,你看起来很美味,5,终于看到武侠味这么正的电影了。还得是徐克，这简直就是他的统治区。超级燃，就是当年看的武侠电影那个味儿。用磅礴的视听语言重构金庸宇宙，既有蒙古草原的苍茫壮阔，又有桃花岛秘境的诡谲诗意，武侠的“形与神”被诠释得淋漓尽致，郭靖的抉择在当下更具现实意义。,2025-01-30 14:06:39,131
4511874667,射雕英雄传：侠之大者,2025,Clingfilm Man,3,不见徐克的天马行空，只有剧情的莫名其妙；里面的郭靖也不是什么侠之大者，全程都在儿女情长三角恋；片头和片尾都比正片好看，至于肖战，无功无过吧，就是皱眉头太多了。,2025-04-20 17:24:42,3
4449633509,射雕英雄传：侠之大者,2025,胡小猴,5,一段关于找寻、珍惜和保护的射雕故事，徐克武侠系列中最朴实的一部，头尾略显笨拙，主体部分还是很不错的，情节流畅饱满，细节精巧鲜活，人物行为不低幼、不矫情、有说服力，尤其是蒙古大营的三人行感情试探，非常细腻动人。华筝固然让人眼前一亮，堪称历来最佳，蓉、靖二人的戏份和表演其实也不差。上映期的喧哗与骚动过去，这部电影的风评应该是会逐渐回升的。这一版射雕群像，有朝一日进入经典行列，也不是全无可能。（影片品质值四星，怀旧情怀加一星）,2025-02-15 16:27:04,47
4427727643,射雕英雄传：侠之大者,2025,Pauline,3,世间始终你好 顾家辉BGM一出，满满情怀，真让眼泪都要掉出来了 大漠长河 之前中毒没好， 情难自禁，欲壑难填 薄情负我，痴心一片， 狗屁缘分 桃花酒闷鸡 恋爱脑小风车，追妻火葬场 白雕 兵书 传画 神来之笔 宋 金 汗 战争 江湖 恩怨 情义 谎话连篇 降龙十八掌 九阴真经 内外兼修 爽啊草原英雄郭靖大侠痛扁蛤蟆功欧阳锋 表面大乱阵仗两路夹工 真正的侠之大者忧国忧民，永怀怜闵之心 嗑黄蓉和华筝了 阿如那终于不演反派了,2025-01-29 22:46:17,20
4435442632,射雕英雄传：侠之大者,2025,呦呦呦,5,导演从战争入场，也交代了从小在草原长大的郭靖在离开草原之后在中原后遇到了黄蓉相爱，两人共同经历一路升级学到一身本领，黄蓉也做了丐帮帮主，直到郭靖的五位师傅，死在了桃花岛郭靖误以为是黄蓉老爹东邪所杀，与黄蓉决裂，后来知道凶手不是东邪，知道误会了黄蓉，于是便寻黄蓉。此时正是金国势强，经常讨伐蒙古和南宋，蒙古在成吉思汗的带领下还能和金国抗衡，战争不断。这对射雕前情做了一个交代，让不知到射雕前情的观众可以很好的衔接。丐帮和欧阳锋的笑点还挺意外，郭靖和母亲的亲情也让人泪目，武打设计很新颖，特效燃炸，看过就是爽。感受到徐克导演所说浪漫武侠。,2025-02-03 23:12:01,196
4512778414,射雕英雄传：侠之大者,2025,南都小王子,2,导演赌来看片的全是铁粉，所以情节无脑跳跃，断断续续。郭靖倒还行，黄蓉变成个傻丫头。武打片基本没武打，一味上大场面和魔幻气功，看完真是莫名其妙，很怀疑这部片子是不是拿来wash money的……本来给一星，冲情怀加一星吧……,2025-04-21 18:58:15,10
4446795739,射雕英雄传：侠之大者,2025,电影院扫地李婶,3,故事讲得通，但很无趣。花了太长篇幅在蒙古大营演三角恋，但原作中最精彩的学降龙十八掌、九阴真经、打狗棒法又一笔带过，导致情节跳跃，经常在没有铺垫的情况下，让一个角色或物品出现，露个脸又彻底消失。观众想看的是江湖冒险，但徐克拍的是战争+爱情，武侠版《漫长的婚约》——还是芦苇说的好，要尊重类型常规，要满足观众的期待。徐克哪怕以打怪升级的套路快速讲一遍《射雕英雄传》主线，恐怕也比这个好看，但那样做貌似又不契合目前的环境，尤其不符合春节档电影应有的觉悟。所以真的希望不要搞春节档，像以前那样，过年看贺岁喜剧就挺好。,2025-02-12 23:15:57,5
4429365868,射雕英雄传：侠之大者,2025,慕容桂武,3,太跳，看过后感觉像是电视剧的先导剧情或者是一直被个讨厌的观众按快进。电影画面还是比较徐克，草原比较浪漫，风景不错，想到了东邪西毒。不如多拍几部填补剧情比较好，可能这也是为了以后能卖续作的特点吧。,2025-01-30 23:39:39,23
4485626755,射雕英雄传：侠之大者,2025,瑞波恩,4,这个世界越来越癫狂，徐克不再痴迷武侠，竟然开始学琼瑶言情了，大部分剧情都是郭靖黄蓉华筝三角恋，光是完成基本叙事就已经耗费了导演所有气力（没有往日的才气倔强坚持），走火入魔的徐老怪（如同欧阳锋），恐怕连肖战大侠的降龙十八掌也拯救不了了……PS，武侠片没落是时代的眼泪，此片间接验证我的一个观点——不是天才成就时代，而是时代成就天才，假如换成1992的徐克拍射雕绝对不可能是这种成色，“天下风云出我辈，一入江湖岁月催”，少年游侠再也回不去了，人老了江湖也老了，最终所有的风流一代都只是一场梦幻泡影吧。,2025-03-20 23:51:45,10
4506651690,射雕英雄传：侠之大者,2025,leon,3,台词剧本还得打磨啊...完成度还可以，有主线。节奏还是快了,2025-04-14 06:38:17,3
4517377449,射雕英雄传：侠之大者,2025,Homer,1,给一星都嫌多，我甚至想问这还能叫电影吗？2025年还能拍出如此烂片真是其心可诛。,2025-04-27 13:22:13,31
4514728592,射雕英雄传：侠之大者,2025,容貌焦虑主理人,2,华筝像是阿凡达，郭靖黄蓉像是（林峰+钟汉良+郑伊健）和（张静初+陈妍希）演的，原来这就是流量明星的长相啊，果然名不虚传。大场面和特效都拍的不错，但用的电视剧版本的蒙太奇手法。世界小姐们可能是看射雕英雄传得到的灵感：我希望世界和平。感谢咪咕，多给一星。,2025-04-24 08:32:44,12
4504761254,射雕英雄传：侠之大者,2025,乔大路,3,故事用漫画呈现会比电影强百倍，如果用「漫改」视角来看，尚说得过去。让人唏嘘的是靠剪辑快准狠扬名的老怪会在剪辑上失败的如此彻底,2025-04-12 11:44:55,3
4506717517,射雕英雄传：侠之大者,2025,octopus,1,其实如果你看过足够多的徐克就能够想象这片子是花了多少钱来署徐克名的，根本不值得评论。同样的，你在好友评分里翻一翻那些打了高分的电影号，也能了解下现下谁还能在豆瓣上赚到钱。,2025-04-14 09:52:02,14
4427711691,射雕英雄传：侠之大者,2025,小烨,4,陪我妈看的，她喜欢金庸。这一版射雕切口很小，讲了郭靖和黄蓉的乱世相依、儿女情长。由于成长背景复杂，郭靖的身份认知是错乱的，在独闯中原以及寻找黄蓉的过程中，郭靖逐渐找回自我，完成了“精神弑父”。有意思的是，华筝和拖雷这两个蒙古皇族也在某种程度上反抗了父权，“反抗大爹”似乎成了今年春节档大主题。黄蓉依然有性格，丐帮戏份是搞笑担当，拍得很生动。作为广东人，我对徐克的武侠片有童年滤镜，《世间始终你好》反复响起来，幕后班底也大多是熟悉的人名，对于念旧的人来说，就“世间始终你好”吧。,2025-01-29 22:38:53,4452
4427470732,射雕英雄传：侠之大者,2025,最爱玻璃小卷毛,5,久违的武侠，不愧是徐克，只有他拍出来的武侠才是经典武侠，终于有慢慢细品的中国武侠，可以几刷看的津津有味，男主郭靖简直就是郭靖本靖，太贴合原著了，所以演员都选的好，华筝挺惊艳的，超越了所以版本，升级的新特效好看，这次要跟上徐克的审美，跟上徐克的超前新特效，期待第二部,2025-02-03 20:45:44,140
4440582021,射雕英雄传：侠之大者,2025,平凡的人,5,武侠中国人的骄傲，希望中国文化传播到世界各地，值得看的电影,2025-02-07 18:47:32,80
4513858881,射雕英雄传：侠之大者,2025,MiSir,3,这武侠太仙了,2025-04-23 00:49:51,2
4429698631,射雕英雄传：侠之大者,2025,大罗,4,大片该有的宏大场面拍的很精彩，人物塑造方面也很用心，郭靖黄蓉，年轻一代撑起了角色，老戏骨们也完成度非常高，票价很值,2025-01-31 09:29:12,324
4436754426,射雕英雄传：侠之大者,2025,本位,3,+ 神雕可以接着拍郭杨闯蒙古军营吗,2025-02-04 20:52:17,5
4526785764,射雕英雄传：侠之大者,2025,Tolkien,2,受不了的剧情，没看原片，我骄傲,2025-05-08 19:47:11,8
3876063342,射雕英雄传：侠之大者,2025,天鹏,3,最大亮点无疑是华筝——张文昕以异域风情的形象与野性入骨的表演，将草原公主的英气与洒脱诠释得极具层次感。战争场面壮美却流于表面，主线逻辑松散导致整体割裂。视觉有余，神韵不足。,2025-04-10 08:11:53,25
4507223178,射雕英雄传：侠之大者,2025,对称的福尔摩斯,1,首先就是台词问题，甚至掩盖了演技不足，肖战出道这么多年还不知道怎么念台词，抑扬顿挫没有，郭靖这种人设还能用中气不足的语气说话，这都是后期剧情了，郭靖再怎么说也是内功深厚了好吧。 台词写得也不好，感觉每个环节都有出戏的点，就不像是看过原著的人写出来的。 前期剧情全靠回忆，人物关系全靠介绍，不知道的还以为是谁做的公司方案介绍PPT呢。 黄蓉的性格完全偏离，加入了些优柔寡断，犹犹豫豫的性格，这已经不是黄蓉了，有一瞬间我以为看的是神雕侠侣。 欧阳锋被塑造成了彻底的大魔头式反派，毫无看点，毫无新意。 洪七公……这片子里有洪七公吗？ 特效运用泛滥，这是徐克的老毛病了，他喜欢研究特效，有些地方完全是不需要那么多特效的，但是也要塞满， 如果要看赛亚人用舞空术对波，我何必看这个，不叫射雕英雄传我都当无事发生了,2025-04-14 22:03:15,16
4434956805,射雕英雄传：侠之大者,2025,？？？,5,做为80后，儿时的记忆就是武侠义薄云天，披个被单就是侠客，就成行侠仗义，这次射雕又重出江湖，又有老怪主刀，真的是亮点满满，吃完早上的饺子就迫不及待的去看了，没有让我失望，太太太好了，节奏很快，场面宏大震撼，瞬间把我拉回那个记忆中了，墙裂 推荐！！！！！,2025-02-03 19:40:17,164
4446590986,射雕英雄传：侠之大者,2025,Lecleg,3,电影的外围规格几乎一眼能看到头，不论是演员表演、场景设计还是音响效果都是网大水准，项目定位如此；但在情感的捕捉和动作场面的调度上，又显得非常精准，郭靖黄蓉二人雨中重聚段落张弛有度，极其精彩。作为春节档唯一一部反战、反高潮的“非主流”电影，结尾处理可谓大胆，但纵观整个故事，不论情节还是对白又都欠缺打磨，反倒是无法判断语言地道性的蒙语段落还算舒适。,2025-02-12 20:43:59,2
4542513537,射雕英雄传：侠之大者,2025,音乐影画,2,看了开头20分钟。实话实说，拍的不错。徐克的功力还在。男女主角选的挺有夫妻相。男主。。。演。。。技。。。负分，否则能有三颗星。,2025-05-27 19:35:58,8
4586745407,射雕英雄传：侠之大者,2025,Clairvoyant,3,拍得有点像更新了蒙古拓展包的剧情梗概,2025-07-17 10:01:10,1
4419741002,射雕英雄传：侠之大者,2025,猫不然🦋,5,恕我直言有点好看！徐克拍出了武侠版中土大陆的感觉，真是太好了，以强悍的视觉掌控力还原比想象中更完美的武侠仙境，镜头、场景、角色，一切都组合的色香味十足。对肖战开始路转粉了！期待后续更新，希望能拍个7部！再次给射雕打call，当我看到桃花岛在眼前徐徐展开，看到超极精装版九阴真经大卷轴，要知道以前看的武侠片里的武功秘籍都是小破本，以前的武侠片好看在信息量很大很朴实的展示全貌，而徐克这版能很精良的展示想象中的武侠世界，所有的中式美学都非常直击内心。就像那个精良的大卷轴，港人的出品真的很走心。我个人、单方面、以偏概全的给5星打call+1,2025-01-30 12:15:48,1479
4532189054,射雕英雄传：侠之大者,2025,灼灼裴质,1,霸王龙请退出武侠世界,2025-05-15 10:31:15,12
4428682124,射雕英雄传：侠之大者,2025,Sun,2,起错名了，应该叫sha雕英雄传。,2025-01-30 16:42:46,1594
4446984990,射雕英雄传：侠之大者,2025,QQ 闕歌,2,3.9/10。二星。PPT般的情节讲述飘在半空中，过家家般的主线最终沦为纯粹的口号式呐喊，情绪全靠老版射雕BGM自带的武侠风带动，演员与角色也是严重割裂。偶尔能瞥见徐克一两个让人为之称奇的镜头，也只能说是大海底下捞针，一坨翔中找银子了。,2025-02-13 14:03:15,43
4427286300,射雕英雄传：侠之大者,2025,玉弓,4,金庸男主里我最崇拜的就是郭靖，为国为民而牺牲，真正侠之大者，肖战和庄达菲演出了郭靖和黄蓉内在情怀和精神力量。,2025-01-29 18:38:09,427
4505726772,射雕英雄传：侠之大者,2025,无人应答,3,前半部分是好看的，后面的战争戏开始后急转直下，满篇交响乐，没有徐克的怪和作者风格，充满所谓大片的乏味感，异常无聊。徐克还拍了岳飞军书的很多场破阵戏，结果一场没用上，可见前期剧本打磨有多草率，但也幸亏没用上，因为对叙事毫无作用，但又为什么要拍呢？？纯纯浪费钱。另外要说肖战老师没有令人失望，演技依然很差，被两个女主碾压，是不是流量们表达所有感情时都只会皱眉？？？,2025-04-13 09:00:45,2
4430719801,射雕英雄传：侠之大者,2025,杜鹏,3,言情片。,2025-01-31 22:32:00,52
4505971811,射雕英雄传：侠之大者,2025,午夜滴长岛冰茶,1,射吊阴雄传：瞎之大者,2025-04-13 14:57:36,36
3779411499,射雕英雄传：侠之大者,2025,风间隼,0,虽然是老故事，海报中已可一窥端倪：雕儿视角。够新！,2025-01-30 17:50:50,29
4650399735,射雕英雄传：侠之大者,2025,小程同学🌈⃤,2,4/10，跟ppt似的嗡嗡嗡就过去了，框框框一顿打没了,2025-09-25 21:58:23,13
4082468613,射雕英雄传：侠之大者,2025,青鱼,2,这真的不是徐老怪挂名吗？太难看了 首先，肖战演郭靖可以，整体看下来还算不错，但庄达菲真的请滚远点！这哪是黄蓉？路边随便拉来一个大姐大妈都比她强！服装也全都好丑好难看！随便拉来一个最差版本的黄蓉都能碾压她几百条大街！ 其次，除了两个灵魂人物外，最难看的是这个剧情！一开始跟剪MV一样，乱切剧情，然后后面那些剧情吧，也很垃圾，甚至不如一些网大的剧情 现在想想，肖战这个饼还真不是啥好饼，本来能演上徐老怪的电影确实是大饼，可惜这个女主吧……难道肖战这么顶的流量配不上一个好一点的女主吗？拉来三里屯姐妹嚯嚯，太惨了！再加上这个狗屁剧情，真的太难看了 本来一个武侠剧，大部分都在打仗，真的很无聊,2025-09-11 22:39:19,7
4506011960,射雕英雄传：侠之大者,2025,陈囿,2,徐克是在报复社会吗,2025-04-13 15:45:06,14
4431093832,射雕英雄传：侠之大者,2025,邹易,2,为华筝加颗星,2025-02-01 02:55:45,167
4427628782,射雕英雄传：侠之大者,2025,蝉影,4,在战争和江湖之间，偏重刻画战争。所以没有什么江湖恩怨，只有乱世风云中的儿女情长、兄弟情义。结尾加点不切实际的和平主义。忽略不多的武打场面神功化，还是比较满意的。更适合熟悉金庸原著后观看。结尾的武穆遗书八阵图彩蛋，纯属搞笑，真用来打仗，怕是会兵败如山倒。,2025-01-29 21:58:26,407
4520693724,射雕英雄传：侠之大者,2025,江枫渔火·,1,什么MV合集,2025-05-01 16:24:45,12
4546313612,射雕英雄传：侠之大者,2025,弃子🔥,1,感觉像是两部合成一部的，黄蓉离开蒙古大营已经有落幕的意思，后面像是重新开盘，尾大不掉的感觉，Ne一下像是资方利益牵扯介入了，看架势徐老怪打算做一个《投名状》级别的喻体结构，还会牵扯到HK，最终把控由不得人，走向了cepa后中式大片注定的惨淡结局，还以为卷土重来会有一些不一样的东西...,2025-06-01 12:11:39,9
4325742347,射雕英雄传：侠之大者,2025,碾子222,5,为坚持拍传统武侠的徐克加一星！肖战在这里完成的很好，完全没有说的那么拉跨，把郭靖的那种正义+稍微有点呆萌的特质很好的诠释了，也算是导演对其个人特色的一种挖掘和提纯。华筝是一抹最大的亮色，飒爽英姿还头脑清醒，完爆黄蓉（古灵精怪一点没有，只剩下痴痴的叫靖哥哥…,2025-02-04 19:06:21,89
4049325777,射雕英雄传：侠之大者,2025,一只特特呦,3,预售期粉丝强大的消费能力没有持久。 作为电影讲故事还是太难了，前面花了很长时间去交代背景，中间也穿插了不少旁白，难免走马观花，看起来还是像电视剧。往事部分人声分离，看起来很是难受，原来内力外显就是玄幻？ 摄影是加分的，江湖战争的大场面拍摄，配乐很保守的用老歌去唤醒观众记忆。 既然武侠就单独说一下打斗的设计，打锅盖比较精彩，最后的死法伏笔也很讽刺，最后决战前期还不错，后期看得我直接怀疑原著了，三人感情、三国关系、各方势力，最后一句侠之大者就感化和平了。这威亚的轨迹也太明显，有些打戏做的很生硬，很疑惑徐克居然会这样。 武侠只占2，然后爱情占5，喜剧占3。肖战的演技一般，很多场景看起来非常用力，阿如那虽然发型有点呆，这角色真合适啊，没想到影片的蒙语占比这么高。,2025-01-29 23:56:41,5
4428980481,射雕英雄传：侠之大者,2025,CC,4,这是一部披着武侠外衣的战争片。很难说拍得不好，但确实和预期不一样。虽然不是肖战粉丝，但他演得其实还不错。,2025-02-16 18:21:30,17
4540713268,射雕英雄传：侠之大者,2025,一只小孙鼠🐿️,2,很难想象这是徐克拍出来的武侠片,2025-05-25 16:04:43,14
4430051800,射雕英雄传：侠之大者,2025,落木Lin,2,《射雕》极速版，着眼于末章蒙汉战争。靖蓉相识内讧、郭靖习武都十五分钟一笔带过，走马观花，情感基础相当薄弱，观众还没对人物前因有一定了解便被强行拉入叙事节奏，导致后文情感爆点感染力大削。 若末章刻画合理细致，也能挽救前段仓促讲述，可越往后看越糟，本质上还是武侠主旋律。 西毒压迫感稀疏，被黄蓉花言巧语轻松蒙骗，最后居然还能练成诡异版九阴真经；郭靖表里不一，口中说的都是家国侠义，行为却沾染儿女情长，回蒙后又在战事吃紧时请求前往中原寻蓉，立场也摇摆不定，时向蒙汗时朝大宋；决战仅有靖锋交锋，降龙蛤蟆气功斗，斗完单凭靖蓉二人挡在蒙汉中间三言两语便让大汗撤军了，把战争当儿戏来拍。 徐克对大场面的把控、武侠过招动作设计等武戏部分的处理仍有水平，但篇幅太短。肖战神色对味但台词失真，黄蓉表现平平，华筝超出预期。,2025-01-31 15:16:15,136
4434764055,射雕英雄传：侠之大者,2025,Mediterranean,1,一半時間都在閃回，生怕觀衆看不懂爛俗到不行的三角戀情。整個看來像古偶網劇預告和草原風景宣傳片的黏合。劇情零散、乏味，比不上AI創作。,2025-02-03 17:07:34,309
4457594292,射雕英雄传：侠之大者,2025,kis,4,4.5。纯真的电影，唯一的不满就是拍的太短，压根没看够，再来一幕直接五星拉满,2025-02-22 14:01:15,17
4434071437,射雕英雄传：侠之大者,2025,蘇蘇,3,华筝公主真好！,2025-02-03 00:46:12,8
4428752902,射雕英雄传：侠之大者,2025,Tommm,2,本以为片名出来之前，讲故事的节奏只作序章，没想到会持续到片尾。一幕幕应接不暇，音乐全程轰满，感叹徐克叙事效率之高且不介俗套单用叠印就拉高情绪，也无语这种视听的单调懒惰，粗枝大叶。以前港片“假”得有趣、“颠”得过瘾在这部的数字特效、写实大场面下反而变得愚笨尴尬。不管徐克在本片藏了多大的反战心愿，观众看到的可能就是部视听流水账。,2025-01-30 17:31:00,53
4438864221,射雕英雄传：侠之大者,2025,🙏 🙏 🙏,5,很棒哦，比想象中好很多。 故事叙事清晰完整。改编的很成功。 武打动作一如既往的流畅震撼。 战争镜头也给人很真实的感觉。如果是3d的就更棒了。有一点点遗憾。 黄蓉的形象虽与翁美玲版的有很大差别，但在本剧情里还是比较合理的适合的。,2025-02-06 11:16:52,109
4505762014,射雕英雄传：侠之大者,2025,小明明,2,靖哥哥到底哪伙儿的啊？一会帮着汉人打蒙古人，一会帮着蒙古人打汉人欧阳锋，他是精神分裂吗？武打场面全是超声波，毫无近身搏斗，很难想象这是拍出了新龙门客栈，拍出了东方不败的徐克导演的，圈钱呢吧！,2025-04-13 10:11:08,13
4512162799,射雕英雄传：侠之大者,2025,λΔ消极分子,0,恶补了83射雕电视剧后来看的，觉得本片之于徐克，有点像三枪拍案惊奇之于张艺谋一样。另外特效搞的太像网络游戏了。,2025-04-20 22:47:07,1
4428421549,射雕英雄传：侠之大者,2025,欧阳鸿飞,3,拍的还是可以的，就是故事能看得懂的人多吗？,2025-01-30 13:01:03,40
4435159848,射雕英雄传：侠之大者,2025,清风徐徐,5,强烈推荐，徐克太牛了，开场特别燃。这版的郭靖演到心坎了，真的是郭靖！有最浪漫的江湖儿女情。选角也很贴合，靖蓉筝也很有看点，郭靖李萍母子情很催泪，看哭了，郭靖西毒的对决，太刺激了。,2025-02-03 21:14:14,109
4538781322,射雕英雄传：侠之大者,2025,戴圣诞帽的楼主,3,肖战更适合杨康啊,2025-05-23 16:52:28,1
4528400947,射雕英雄传：侠之大者,2025,半醉先生,2,你哪怕截取一个片段也行啊！,2025-05-10 18:41:42,8
3782326688,射雕英雄传：侠之大者,2025,行者狲,2,在其他地方骂（嘲）过了，补个分。它的难看真不能怪演员，相反地能看出演员都认真地执行了导演的意志。求求徐克放过金庸，我小学就看过三联版射雕，新版看过两次，不敢标榜自己是书粉，我能接受合理的改编但不能这样毁原著辱人设，这是不尊重作者及其创作意图。,2025-02-17 00:07:44,25
4535383461,射雕英雄传：侠之大者,2025,曲谐,1,翔之大者，喂国喂民。中期郭靖都能正面碾压九阴逆行欧阳锋了还翻来覆去拍这一部出来干嘛？还把黄蓉毁了个一塌糊涂，请问金庸先生健在的话徐克敢这么拍吗。建议改成《射雕小三传：雷没机会》《降龙十八掌：空中位移》《成吉思汗：我爱话疗》《舌尖上的桃花岛：祭祖也要拜神鸡》,2025-05-19 04:34:59,29
4504355493,射雕英雄传：侠之大者,2025,壞壞噠貓先森,0,灾难级的叙事。 哪吒也不过才两个风火轮，可他们呢？,2025-04-11 22:16:30,3
4542167657,射雕英雄传：侠之大者,2025,huakaiyanran,4,拍的不错，但改的不行。大场面气势恢宏，画面很美，音乐效果也很好，华筝的角色特别喜欢，但是一部长篇，改到2小时电影，确实是太紧张了，感觉好多地方没说明白，而且是什么都想说还什么都没说明白，没有重点，尤其是后面三分之一感觉有点降智,2025-05-27 10:42:39,6
4439911381,射雕英雄传：侠之大者,2025,1号游客,1,“在下郭靖，北宋末年人士……” 金庸敲得震天响，一口1279年的可乐喷出来。——这是电影，居然把整部小说断断续续的在旁白里带过，没有任何铺垫转换，证明剧本极不用心，打斗都是指挥空气，证明动作设计是网游视频的水平，人物台词都很低智，证明想拍给初中生与老太太们看，洪七公戴着京剧头套，证明对中国古代文化一无所知毫无尊重还自信满满。打唯一1星，是向顾嘉辉经典配乐致敬而已。,2025-02-07 01:44:11,141
4429208068,射雕英雄传：侠之大者,2025,蓝翼,0,选了原著中平常读者最不关注的最后部分来改编，算是很有想法的思路，其中的身份认同困惑及最后的道路选择也许可以看作是金庸乃至徐克自身经历和心态的一种投射吧,2025-01-30 22:22:35,6
3779618194,射雕英雄传：侠之大者,2025,福雷斯特·冈普,4,7.3.其实我是冲着金庸原著，徐克导演，梁家辉主演来的。见长评。,2025-01-29 15:26:57,299
4504035503,射雕英雄传：侠之大者,2025,Nemooo,1,son of songs ┓(´∀`)┏大宋之子,2025-04-11 14:51:23,17
4426678928,射雕英雄传：侠之大者,2025,秋奔客,1,武侠片拍得没有武也没有侠，不如叫《变种人：穿越战场之再也不要丢掉你》？倒是庄达菲的劲装扮相和华筝还算耐看。另外这片子口型对得也太差了吧，而且为啥有时说蒙语有时不说啊,2025-02-05 17:48:26,147
4525704132,射雕英雄传：侠之大者,2025,Jackcal,1,早听说很差但还是差出了预期，是一种认知之外的烂。听到第一句旁白就无语了，这是原音还是配音，断句听着好难受，是请不起专业的吗……听了十分钟已经受不了了，好抽象的片子，好抽象的台词，烂到想笑的程度，5.2太高了，2.5都高，家里人都忍不了让换一个。,2025-05-07 10:42:07,35
3781340170,射雕英雄传：侠之大者,2025,在雨中漫步,5,很好看,2025-01-29 17:18:07,410
4664301903,射雕英雄传：侠之大者,2025,常青,2,两分给梁家辉。,2025-10-11 21:33:59,5
4510752674,射雕英雄传：侠之大者,2025,Sff的生活C计划,2,【3】短剧也是好起来了，都能进院线春节档了🤝,2025-04-19 13:42:41,21
4511496156,射雕英雄传：侠之大者,2025,五色风马王灰狗,2,一开始以为是配音的问题很大，感觉特别不搭，后来才发现是两位大侠的演技才是莫名其妙，肖大侠演技有目共睹，永远一副苦大仇深的样子，挺适合他的，两个人在中原和草原跑过去又跑过来，披着报国外皮的爱情鸡零狗碎，可别有第二部了，真不想看了,2025-04-20 09:09:12,22
4505013508,射雕英雄传：侠之大者,2025,未卜,1,徐克：他们真的给的太多了，太太太多了。不知所谓！！！武没拍好，侠也没讲好。武侠拍的跟修仙一样，可笑！跟要征服世界的人讲什么是侠之大者，可笑！肖战毫无武术功底，庄达菲灵气全无！,2025-04-12 16:55:27,16
4437904053,射雕英雄传：侠之大者,2025,27号探长,0,九阴真经像风火轮似的。这不像电影，更像是电视剧的超长预告片，后期用宏大叙事的音乐疯狂填充不留白但已无力回天。,2025-02-05 17:14:09,10
3779517422,射雕英雄传：侠之大者,2025,tiiiiin,2,就整个都挺莫名其妙的。 功夫不好好练，恋爱不好好谈，战争不好好打~整个p啊 至于表演特效这些，有没有真不重要。,2025-04-17 14:56:09,14
4432952986,射雕英雄传：侠之大者,2025,山归,2,这哪是“侠之大者”？这分明是“射雕之郭靖黄蓉：我们的爱情回忆录”。临到快结局了，才硬向标题靠拢了一下。作为一部武侠片，动作戏没看点；作为经典改变作品，叙事凌乱，像看ppt说话。亮点角色只有华筝，但还被剧本人设拖累了。出彩场景只有一个，就是白雕拎着马蜂窝砸欧阳锋😂（不过砸到的是参仙老怪）。,2025-02-02 12:49:38,205
4429202207,射雕英雄传：侠之大者,2025,王妃的故事,5,看完更深刻地理解了“侠之大者”的含义。郭靖不仅是为了自己，更是为了百姓、为了家国而奋斗。他的坚持和忠诚，完全做到了一个真正的英雄风采。,2025-01-30 22:19:37,870
4469740711,射雕英雄传：侠之大者,2025,安心,1,看到15分钟处，郭靖旁白：“刹那之间所有的桃花失去颜色”，我哈哈大笑着退出观看。当初一贯秉持视觉奇观，浪漫洒脱拍《笑傲江湖》的徐克导演如今老矣，一声叹息。这版射雕的大叔大婶级的靖哥哥和蓉儿看得我起鸡皮疙瘩，也只怪我心目中太过完美的黄日华和翁美玲的角色诠释吧。还有秦煌饰的老顽童”周伯通，他们眼神里的那种清澈干净很难被现今的演员由内而外的表现出来了，尬得一塌糊涂。5.2/46.06万，短评31.67万条，影评9432条。大陆票房截止到上映35天6.67亿元。,2025-03-05 09:54:07,45
4516163471,射雕英雄传：侠之大者,2025,唐书钰,1,跨时代的作品。徐克大胆采用短视频的叙事逻辑，以环环相扣的短情节拼贴，完成了一部长达两个多小时的电影实验。在短剧逐渐挤压长剧市场的今天，他以超前的行业洞察力证明：短视频的美学不仅能取代长剧，进攻你大银幕也是易如反掌。,2025-04-26 00:16:45,29
4507568361,射雕英雄传：侠之大者,2025,九毛,1,所以为什么一定要拍金庸？,2025-04-15 10:45:54,27
4426912827,射雕英雄传：侠之大者,2025,味噌餃子,4,女主不行，其他还可以，徐克正常发挥不算出彩,2025-01-29 13:55:11,167
4355367660,射雕英雄传：侠之大者,2025,越审越多,3,俱往矣……,2025-01-29 22:37:36,44
4435632941,射雕英雄传：侠之大者,2025,阿梗,5,徐老怪没有变，太武侠了！最后彩蛋的列阵要是放进正片就好了，好像还可以拍出更多。,2025-02-04 00:45:46,157
4505724111,射雕英雄传：侠之大者,2025,兰彻,1,超英式武侠，古偶三角恋。侠之大者×，寻妻记√。特效对波，男主全程皱眉脸死板表情。责任在编剧和导演。,2025-04-13 17:11:42,14
4506065954,射雕英雄传：侠之大者,2025,温存Weather,3,徐克的场面调度、镜头调度真是赏心悦目，舒服极了。只是叙事碎散而流水，甚至前一个半小时都是泡沫剧情。,2025-04-13 16:47:43,1
4435164590,射雕英雄传：侠之大者,2025,画窗,5,很好看，每个人物的形象都立住了，郭靖的侠义，黄蓉的聪慧，李萍的母爱，华筝的飒爽，大汗的霸气，大王子二王子的野心勃勃，托雷的重情重义，欧阳锋的战神执念，我都很喜欢，想找一个4dx或者imax看可惜附近没有。,2025-02-03 21:16:19,115
4438398459,射雕英雄传：侠之大者,2025,xufenfei,5,电影看过了，跳出固化剧情，立意新颖，场面宏大，特效震撼，每个演员表现力都极到位。电影核心也很正能量，侠者之道民生，各方权益之争都不要殃及百姓的生存环境，综观天下，全世界人民都希望安稳和平的生活勿发动战争🙏,2025-02-05 23:02:25,120
4435424992,射雕英雄传：侠之大者,2025,扬子,5,场面浩大，草原大汗一出来，bgm一响太震撼了！黄蓉除了俏皮还惊奇地有不违和的英气，尤其梁家辉都没认出来，但欧阳锋就很西毒。郭靖就很郭靖，打戏看得好爽蒙语还挺好听武侠迷表示，徐克真牛！准备再买个imax厅，二刷,2025-02-03 23:04:30,121
4661099930,射雕英雄传：侠之大者,2025,忏聒,4,挺干净利落的，有不少特色处。这书的背景，社会环境，思想伦理等等纯粹是滩迂腐封建烂泥，所以只能芝麻西瓜的零零碎碎拍里面的武侠儿女细节处，以及战争场面。华筝和黄蓉那段戏是最好的，两人的形象饱满有余味，肖战的面貌在这部戏里比较端正，完全不像陈情令里那种烂俗样了。开头比较多段落挺没劲的，贫瘠浅薄狗血的那种感觉，边看边想，这导演这些演员这个年代拍的这个戏，拍成这样，完全是意料之中了。可后面西毒和他的跟帮出现，进而进蒙古军营，这戏却慢慢有重心了，有趣味了，烂俗导演烂俗思想的书时灵时不灵的女主竟然整出了我喜欢的东西了。场景场面和蒙古元素都值得肯定。当然这侠之大者不如说侠之趣者，那趣是生命喜欢的东西，那大是集权镣铐。,2025-10-08 00:58:51,6
4428782272,射雕英雄传：侠之大者,2025,留白,3,1.选角烂，郭靖和华筝略好，黄蓉少妇味太重，欧阳锋座山雕本雕，托雷和李萍那尖嘴猴腮，洪七公是东北乞丐吧一身大红大绿。2.剧情拖沓，大量不能推动剧情的水镜头，半途去上个厕所回来无缝衔接。3.全片特效，整个一《蜀山剑侠传射雕山寨传》，问题蜀山是幻想题材，射雕不是啊。4.徐克早就证明了他只是三流导演（可能还算不上），有心人可以收集下他参与创作的电影，凡是高分的他基本都是以制片人或编剧身份出现的，亲自执导的几乎无一不烂。5.台词剧本就更不用说了，没有最烂只有更烂，只有华筝黄蓉那段对台戏让我津津有味。,2025-04-19 13:56:08,5
4428502921,射雕英雄传：侠之大者,2025,forfaen,1,到底谁喜欢看这种天打雷劈的爱情啊。。。最讨厌决战给我看演讲的动作/战争片！能不能明白自己的定位？,2025-01-30 14:16:28,13
4537238414,射雕英雄传：侠之大者,2025,Shining小彬彬^_,1,黄蓉不是这个样子的！,2025-05-21 18:21:42,9
4442736224,射雕英雄传：侠之大者,2025,Belle,3,因亲近的朋友背书+对金庸/武侠题材的偏好，克制住AO3事件后的迁怒，在海南岛镇上的影院温暖又冷清的看了这部起源大漠草原的熟悉又陌生故事。如果不是最后两军对战场上，欧阳锋表现得太像进修回来的黑魔法师，以及大汗退军的决策轻浮到令人震惊，但就娱乐性——我可能为了史上最丰满版本华筝妹子和马/雕/蛇/蛛等动物们给个四星...本片基本符合物理规律的武打和情谊主要由华筝和黄蓉实现；男人们处在一个平行的低魔次元。整片的氛围感有种漫改真人动画剧集完结后剪辑集锦的大电影感，各地图场景美如大制作3A游戏（在更新剑三准备去跑跑马）。服务于人设的装造其实挺不错的，草原演员们也很贴脸。但战争场景非常不符合当时的技术水平需要当架空看；以及混乱的语言系统，每个角色语种几乎都不对口型，像看译制片。另，非常想把邓婵玉配给华筝！,2025-02-09 13:22:19,6
4435159863,射雕英雄传：侠之大者,2025,烁之菡,5,带了一大家子十口人去看，父母都将近七十了，难得有一部他们喜欢的电影愿意走进电影院，感谢徐克导演拍了这么一部家喻户晓的小说，爸爸真的看得很开心，还边看边跟妈妈解说。孩子看完回来都在玩降龙十八掌。电影很好看，前面快速过完前景，桃花岛真得好漂亮，后面进入正题，每个演员都很棒。后面还想找imax厅再看一次。,2025-02-03 21:14:14,102
4515480784,射雕英雄传：侠之大者,2025,SpyLiu,1,走马观花看武侠，玄幻超能进战场,2025-04-25 04:01:53,27
4423728324,射雕英雄传：侠之大者,2025,西西里的朗读者,1,战争是可以靠嘴炮避免的，打戏是可以没有身体接触拍完的，隔着100米三角恋是可以玩1个小时的。这种东西怎么有脸拿到这个档期的？,2025-01-29 12:20:44,3944
4433926811,射雕英雄传：侠之大者,2025,梁燃,1,□之大者哈哈,2025-02-02 23:27:01,310
4350863725,射雕英雄传：侠之大者,2025,柒柒Mensageira,5,突然间想明白了 为什么不能按照原著拍李萍被大汗逼死 如果是的话就变成私仇了 而电影里想表达的两边都是大义 看完之后在自我的脑补中已经完成了上中下三部 江湖 西征 襄阳,2025-02-04 12:58:22,89
3815045871,射雕英雄传：侠之大者,2025,防晒霜,2,珠玉在前，没头没尾。射雕外传，上窜下跳。肖不是郭靖，傻也不会演。庄不是黄蓉，也俏不起来。太松弛，形体姿态不像有武功的黄蓉，就是个八卦的职场女。音乐加一星😜,2025-10-06 04:15:44,10
4419494025,射雕英雄传：侠之大者,2025,刀叢中的小詩,2,《侠之大者》——原计划第一时间去看，后来因为生病耽误了。对于徐老怪的魔改，已有一些心理准备，没有想到叙事松散，才尽如斯，所谓“侠之大者，为国为民”，成为了篇末一句完成政治正确的空洞口号。大多数时候，靠郭靖、黄蓉、西毒三人相互在躲猫猫来撑起本片的叙事逻辑，以及靠郭靖、黄蓉、华筝三角内心不时翻腾的小九九来丰富人物的性格，侠呢？或许是我眼瞎所致，整部电影看到最后，即使是想借鉴一下乔峰在雁门关阻辽伐宋、杨过大战金轮法王的桥段，还是没有从郭黄等人身上看到一丝侠心和侠情。综道友所述，华筝倒是不可多得的亮点。,2025-04-12 21:46:08,11
4435164732,射雕英雄传：侠之大者,2025,抹茶配咖喱🍭,5,电影刚开场，就像开了倍速，17分钟就把郭靖和黄蓉的“前传”给刷了一遍。虽然信息量有点大，但别担心，该知道的都知道了，就是得稍微动动脑筋。后面正片还有少量穿插的“回忆杀”，可能有人觉得剧情有点“跳跳糖”，但没办法，徐克导演已经尽力讲清楚故事了。 打仗和打斗场面，那叫一个“燃”！，郭靖和欧阳锋那场打戏，不仅打得漂亮，我觉得还有郭靖的小心机，顺带搞破坏，简直就是“战斗版拆迁队”，攻城器械都被他俩给“拆”了。 说到退兵，郭靖可不是光靠“嘴炮”，那是实打实的实力展示。蒙军一看，这哥们儿不好惹，再加上还得留力打金国，于是就坡下驴，退兵了。整个过程就像是一场“谈判版猫鼠游戏”，郭靖赢了，还给了大汗一个台阶下。 整个电影看着有笑有泪，满足又过瘾！,2025-02-03 21:16:23,113
4437985880,射雕英雄传：侠之大者,2025,楚翰彻,3,如果能在维持目前工业水平与作者质感的前提下老老实实得把原著靖蓉智退欧阳锋的完整篇幅呈现出来，成片水平将远不止于此。理解原著读者和武侠迷对硬凹剧情、武力逻辑崩坏的愤慨（徐克这样也不是一天两天了），还是想说说优点：首先蒙古部分的演员表演和硬件质感都是历来最佳；其次是出色的表现了黄蓉从江南水乡辗转到乱世纷争中的人物转变（庄达菲的表现非常加分）；最后是徐克对于武侠题材情节想象力与浪漫气质的老道拿捏与成熟工业化整合，可惜的是后者还是没能沉下心来专注于上述三者，让电影在本该是点睛之处露了怯，功亏一篑，但就电影本身水准而言，它本不该成为这场舆论闹剧的牺牲品。,2025-02-05 18:26:54,8
4427863506,射雕英雄传：侠之大者,2025,圆脸正义,4,武侠之光，蛇年贺岁首选《射雕》。在众人对武侠片前景存疑时，徐克版《射雕》横空出世，以超预期的硬实力证明了武侠的魅力。影片将原著结尾七章搬上大银幕，通过郭靖与大汗的对抗，保留关键选择，精准提炼出“侠”的内核。郭靖从江湖小子成长为“六边形战士”，黄蓉、华筝等女性角色也各有高光。动作场面招式精妙，特效加持下战争场面气势恢宏，还有铁枪庙万蛇爬行等奇观，延续了武侠的想象力。徐克用这部《射雕》诠释了“热闹，开心，浪漫，兴奋” ，实乃全家观影的不二之选 。,2025-01-29 23:58:58,6
4429414812,射雕英雄传：侠之大者,2025,蘑菇安,1,有负星吗？,2025-01-31 00:06:45,1744
4504176554,射雕英雄传：侠之大者,2025,龙王良马,2,拍的像个杂交片。最牛逼的还是黑子，弄了那张庄达菲的丑照，搞的人有点ptsd，但其实电影里就还好没那么丑。导演锅很大，两个小时电影就愣没搞出一个展示黄蓉漂亮的场景，这就很没道理。,2025-04-11 18:39:57,14
4435674236,射雕英雄传：侠之大者,2025,花都满,1,一直想不通徐老怪咋能自甘堕落到如此地步，直至意识到他上一部西游伏妖篇男主还在蹬缝纫机就释然了。翔之大者喂国喂民～赚钱嘛，不磕碜。,2025-02-04 01:13:56,277
4504172088,射雕英雄传：侠之大者,2025,卷阿黁,1,这是什么？是奇异博士吧。神蜂马球莫名其妙美救美，猥琐的托雷，愚望的李萍。杂雕乱飞，居然还是爹味的！无语伦比的一对，爬行的领导，我究竟为何还在看丫头文学。润唇膏缺货的蓉儿，我们没有什么行李。,2025-04-11 18:33:08,37
4452762254,射雕英雄传：侠之大者,2025,万户,2,相比演员，这作最大的问题是剧本，老怪就没想好他到底要拍啥。或者说不知道想拍啥了。对于功夫的呈现也越来越无趣了。,2025-02-18 00:56:40,69
4426841096,射雕英雄传：侠之大者,2025,momo,5,庄达菲和华筝还可以，有第二部吗。介于39万人看过，还没有蛟龙行动的几万人打分开分早，严重相信有内幕。从4星改成5星。,2025-01-29 12:49:58,34
